Title,Authors,Journal,Year,DOI,Source,Publications,Yes No
The effects of maximum ambient temperature and heatwaves on dengue infections in the tropical city-state of Singapore - A time series analysis,"Seah, A",SCIENCE OF THE TOTAL ENVIRONMENT,2021,10.1016/j.scitotenv.2021.145117,WoS,9,0
"Abnormal ambient temperature change increases the risk of out-of-hospital cardiac arrest: A systematic review and meta-analysis of exposure types, risk, and vulnerable populations","Wu, QY",SCIENCE OF THE TOTAL ENVIRONMENT,2023,10.1016/j.scitotenv.2022.160554,WoS,9,1
Anthropogenic climate change exacerbates the risk of successive flood-heat extremes: Multi-model global projections based on the Inter-Sectoral Impact Model Intercomparison Project,"Zhou, J",SCIENCE OF THE TOTAL ENVIRONMENT,2023,10.1016/j.scitotenv.2023.164274,WoS,9,0
"Immediate and delayed effects of a heatwave and<i> Prorocentrum</i><i> lima</i> ((Ehrenberg) Stein 1878) bloom on the toxin accumulation, physiology, and survival of the oyster<i> Magallana</i><i> gigas</i> (Thunberg, 1793)","Funesto, EGM",SCIENCE OF THE TOTAL ENVIRONMENT,2023,10.1016/j.scitotenv.2023.164485,WoS,9,0
"Perceptions of heat-health impacts and the effects of knowledge and preventive actions by outdoor workers in Hanoi, Vietnam","Lohrey, S",SCIENCE OF THE TOTAL ENVIRONMENT,2021,10.1016/j.scitotenv.2021.148260,WoS,9,0
Environmental heat-related health symptoms among community in a tropical city,"Aghamohammadi, N",SCIENCE OF THE TOTAL ENVIRONMENT,2021,10.1016/j.scitotenv.2021.146611,WoS,9,0
Geographical disparities in the impacts of heat on diabetes mortality and the protective role of greenness in Thailand: A nationwide case-crossover analysis,"He, YL",SCIENCE OF THE TOTAL ENVIRONMENT,2020,10.1016/j.scitotenv.2019.135098,WoS,9,0
Evidence of alliesthesia during a neighborhood thermal walk in a hot and dry city,"Dzyuban, Y",SCIENCE OF THE TOTAL ENVIRONMENT,2022,10.1016/j.scitotenv.2022.155294,WoS,9,0
Environmental impacts and greenhouse gas emissions assessment for energy recovery and material recycle of the wastewater treatment plant,"Nguyen, TKL",SCIENCE OF THE TOTAL ENVIRONMENT,2021,10.1016/j.scitotenv.2021.147135,WoS,9,0
Employing gridded-based dataset for heatwave assessment and future projection in Peninsular Malaysia,"Sa'adi, Z",THEORETICAL AND APPLIED CLIMATOLOGY,2024,10.1007/s00704-024-04946-2,WoS,9,1
Appraising the historical and projected spatiotemporal changes in the heat index in Bangladesh,"Rahman, MB",THEORETICAL AND APPLIED CLIMATOLOGY,2021,10.1007/s00704-021-03705-x,WoS,9,0
Spatiotemporal trends of temperature extremes in Bangladesh under changing climate using multi-statistical techniques,"Mallick, J",THEORETICAL AND APPLIED CLIMATOLOGY,2022,10.1007/s00704-021-03828-1,WoS,9,0
The unsung role of SST in simulating mesoscale events: an evaluation of August 2018 extreme rainfall over Kerala using WRF model,"Thomas, L",THEORETICAL AND APPLIED CLIMATOLOGY,2023,10.1007/s00704-022-04308-w,WoS,9,0
Evaluation of heat stress threshold and impacts on milk yield in dairy cattle crossbreds in a hot and humid climate,"Michael, P",THEORETICAL AND APPLIED CLIMATOLOGY,2023,10.1007/s00704-023-04549-3,WoS,9,0
"Patterns and drivers of heavy and extreme hourly rainfall events over Metro Manila, Philippines","Taña, EAS",THEORETICAL AND APPLIED CLIMATOLOGY,2024,10.1007/s00704-024-04899-6,WoS,9,0
Investigating the relationship between land alteration and the urban heat island of Seville city using multi-temporal Landsat data,"Halder, B",THEORETICAL AND APPLIED CLIMATOLOGY,2022,10.1007/s00704-022-04180-8,WoS,9,0
Delineation of urban expansion and drought-prone areas using vegetation conditions and other geospatial indices,"Halder, B",THEORETICAL AND APPLIED CLIMATOLOGY,2022,10.1007/s00704-022-04108-2,WoS,9,0
Variability of climate-induced rice yields in northwest Bangladesh using multiple statistical modeling,"Islam, AMT",THEORETICAL AND APPLIED CLIMATOLOGY,2022,10.1007/s00704-021-03909-1,WoS,9,0
Climate change over Indonesia and its impact on nutmeg production: An analysis under high-resolution CORDEX-CORE regional simulation framework,"Anripa, N",INTERNATIONAL JOURNAL OF CLIMATOLOGY,2023,10.1002/joc.8098,WoS,8,0
Changes in temperature extremes and their relationship withENSOin Malaysia from 1985 to 2018,"Tan, ML",INTERNATIONAL JOURNAL OF CLIMATOLOGY,2021,10.1002/joc.6864,WoS,8,1
Future exposure of rainfall and temperature extremes to the most populous island of Indonesia: A projection based on CORDEX simulation,"Hendrawan, VSA",INTERNATIONAL JOURNAL OF CLIMATOLOGY,2024,10.1002/joc.8537,WoS,8,0
Simplified equations for wet bulb globe temperature estimation in Bangladesh,"Kamal, ASMM",INTERNATIONAL JOURNAL OF CLIMATOLOGY,2024,10.1002/joc.8402,WoS,8,0
Impact of solar geoengineering on temperatures over the Indonesian Maritime Continent,"Kuswanto, H",INTERNATIONAL JOURNAL OF CLIMATOLOGY,2022,10.1002/joc.7391,WoS,8,0
The effect of urbanization on temperature indices in the Philippines,"Manalo, JA",INTERNATIONAL JOURNAL OF CLIMATOLOGY,2022,10.1002/joc.7276,WoS,8,1
Spatial and temporal characteristics of near-surface air temperature across local climate zones in a tropical city,"Roth, M",INTERNATIONAL JOURNAL OF CLIMATOLOGY,2022,10.1002/joc.7862,WoS,8,1
Global pattern of short-term concurrent hot and dry extremes and its relationship to large-scale climate indices,"Zhang, HY",INTERNATIONAL JOURNAL OF CLIMATOLOGY,2020,10.1002/joc.6555,WoS,8,1
Valuation of a Heatwave Early Warning System for Mitigating Risks Associated with Heat-Related Illness in Central Vietnam,"Kien, ND",SUSTAINABILITY,2023,10.3390/su152115342,WoS,8,1
Sensitivity of Photosynthesis to Warming in Two Similar Species of the Aquatic Angiosperm <i>Ruppia</i> from Tropical and Temperate Habitats,"Rasmusson, LM",SUSTAINABILITY,2021,10.3390/su13169433,WoS,8,0
"Spatial Planning and Systems Thinking Tools for Climate Risk Reduction: A Case Study of the Andaman Coast, Thailand","McMillan, JM",SUSTAINABILITY,2022,10.3390/su14138022,WoS,8,0
Changes in Concurrent Meteorological Extremes of Rainfall and Heat under Divergent Climatic Trajectories in the Guangdong-Hong Kong-Macao Greater Bay Area,"Wang, M",SUSTAINABILITY,2024,10.3390/su16052153,WoS,8,0
Applications of Models and Tools for Mesoscale and Microscale Thermal Analysis in Mid-Latitude Climate Regions-A Review,"Lobaccaro, G",SUSTAINABILITY,2021,10.3390/su132212385,WoS,8,0
Synthesizing Multi-Layer Perceptron Network with Ant Lion Biogeography-Based Dragonfly Algorithm Evolutionary Strategy Invasive Weed and League Champion Optimization Hybrid Algorithms in Predicting Heating Load in Residential Buildings,"Moayedi, H",SUSTAINABILITY,2021,10.3390/su13063198,WoS,8,0
A Comparative Study of Cooling Performance and Thermal Comfort under Street Market Shades and Tree Canopies in Tropical Savanna Climate,"Jareemit, D",SUSTAINABILITY,2022,10.3390/su14084653,WoS,8,0
Changing Urban Temperature and Rainfall Patterns in Jakarta: A Comprehensive Historical Analysis,"Maheng, D",SUSTAINABILITY,2024,10.3390/su16010350,WoS,8,0
"Compound climate extremes in China: Trends, causes, and projections","Yu, YF",ATMOSPHERIC RESEARCH,2023,10.1016/j.atmosres.2023.106675,WoS,7,0
Spatiotemporal changes in Universal Thermal Climate Index in the Middle East and North Africa,"Hamed, MM",ATMOSPHERIC RESEARCH,2023,10.1016/j.atmosres.2023.107008,WoS,7,0
Urbanization-induced changes in extreme climate indices in Thailand during 1970-2019,"Pimonsree, S",ATMOSPHERIC RESEARCH,2022,10.1016/j.atmosres.2021.105882,WoS,7,0
Assessing exposure to climate extremes over the Arabian Peninsula using ERA5 reanalysis data: Spatial distribution and temporal trends,"Al-Sakkaf, AS",ATMOSPHERIC RESEARCH,2024,10.1016/j.atmosres.2024.107224,WoS,7,0
"Interaction between heat wave and urban heat island: A case study in a tropical coastal city, Singapore","Chew, LW",ATMOSPHERIC RESEARCH,2021,10.1016/j.atmosres.2020.105134,WoS,7,1
Probing into the radiative mechanisms and drivers influencing urban heat-cold islands and urban pollution islands during heavy-haze events in a cold megacity of Northeast China,"Yabo, SD",ATMOSPHERIC RESEARCH,2024,10.1016/j.atmosres.2024.107259,WoS,7,0
Spatiotemporal changes in Universal Thermal Climate Index over South Asia,"Kyaw, AK",ATMOSPHERIC RESEARCH,2023,10.1016/j.atmosres.2023.106838,WoS,7,1
Cooling effect and heat index (HI) assessment on car cabin cooler powered by solar panel in parked car,"Setiyo, M",CASE STUDIES IN THERMAL ENGINEERING,2021,10.1016/j.csite.2021.101386,WoS,6,0
Experimental study on the thermal performance of a battery thermal management system using heat pipes,"Mbulu, H",CASE STUDIES IN THERMAL ENGINEERING,2021,10.1016/j.csite.2021.101029,WoS,6,0
Performance enhancement of photovoltaic modules with passive cooling multidirectional tapered fin heat sinks (MTFHS),"Razali, SN",CASE STUDIES IN THERMAL ENGINEERING,2023,10.1016/j.csite.2023.103400,WoS,6,0
Thermal examination of renewable solar energy in parabolic trough solar collector utilizing Maxwell nanofluid: A noble case study,"Jamshed, W",CASE STUDIES IN THERMAL ENGINEERING,2021,10.1016/j.csite.2021.101258,WoS,6,0
Thermal humidity risk assessment in high-temperature environment of mines based on uncertainty measurement theory,"Shu, HM",CASE STUDIES IN THERMAL ENGINEERING,2023,10.1016/j.csite.2023.103401,WoS,6,0
Improving the thermal efficiency of a solar flat plate collector using MWCNT-Fe3O4/water hybrid nanofluids and ensemble machine learning,"Said, Z",CASE STUDIES IN THERMAL ENGINEERING,2022,10.1016/j.csite.2022.102448,WoS,6,0
"Vulnerability of Australia to heatwaves: A systematic review on influencing factors, impacts, and mitigation options","Adnan, MSG",ENVIRONMENTAL RESEARCH,2022,10.1016/j.envres.2022.113703,WoS,6,1
Heat-health action planning in the WHO European Region: Status and policy implications,"Martinez, GS",ENVIRONMENTAL RESEARCH,2022,10.1016/j.envres.2022.113709,WoS,6,0
Evaluating the effectiveness of labor protection policy on occupational injuries caused by extreme heat in a large subtropical city of China,"Su, YA",ENVIRONMENTAL RESEARCH,2020,10.1016/j.envres.2020.109532,WoS,6,0
"Climate change impacts and disaster resilience among micro businesses in the tourism and hospitality sector: The case of Kratie, Cambodia","Ngin, C",ENVIRONMENTAL RESEARCH,2020,10.1016/j.envres.2020.109557,WoS,6,0
Population management in an urban center using the dynamic integrated solution for an adequate atmospheric environmental quality,"Chai, N",ENVIRONMENTAL RESEARCH,2022,10.1016/j.envres.2021.112482,WoS,6,0
Daily temperature effects on under-five mortality in a tropical climate country and the role of local characteristics,"Phung, VLH",ENVIRONMENTAL RESEARCH,2023,10.1016/j.envres.2022.114988,WoS,6,0
Main and added effects of heatwaves on hospitalizations for mental and behavioral disorders in a tropical megacity of Vietnam,"Dang, TN",ENVIRONMENTAL SCIENCE AND POLLUTION RESEARCH,2022,10.1007/s11356-022-19898-1,WoS,6,1
Impacts of and adaptation to climate change on the oil palm in Malaysia: a systematic review,"Abubakar, A",ENVIRONMENTAL SCIENCE AND POLLUTION RESEARCH,2021,10.1007/s11356-021-15890-3,WoS,6,0
"The protective effect of green space on heat-related respiratory hospitalization among children under 5 years of age in Hanoi, Vietnam","Nguyen, VT",ENVIRONMENTAL SCIENCE AND POLLUTION RESEARCH,2022,10.1007/s11356-022-21064-6,WoS,6,0
"The association between temperature and cause-specific mortality in the Klang Valley, Malaysia","Yatim, ANM",ENVIRONMENTAL SCIENCE AND POLLUTION RESEARCH,2021,10.1007/s11356-021-14962-8,WoS,6,1
How temperature shocks impact energy poverty in Vietnam: mediating role of financial development and environmental consideration,"Que, ND",ENVIRONMENTAL SCIENCE AND POLLUTION RESEARCH,2022,10.1007/s11356-022-19672-3,WoS,6,0
"The potential effects of temperature on outpatient visits: a case study in Chiang Mai, Thailand","Chaichana, K",ENVIRONMENTAL SCIENCE AND POLLUTION RESEARCH,2021,10.1007/s11356-021-15512-y,WoS,6,0
Urban ventilation assessment with improved vertical wind profile in high-density cities-Investigations in nighttime extreme heat,"He, YY",BUILDING AND ENVIRONMENT,2022,10.1016/j.buildenv.2022.109018,WoS,5,0
Application of Gagge's energy balance model to determine humidity-dependent temperature thresholds for healthy adults using electric fans during heatwaves,"Tartarini, F",BUILDING AND ENVIRONMENT,2022,10.1016/j.buildenv.2021.108437,WoS,5,0
Mitigating intensity of urban heat island by better understanding on urban morphology and anthropogenic heat dispersion,"Yuan, C",BUILDING AND ENVIRONMENT,2020,10.1016/j.buildenv.2020.106876,WoS,5,0
Characteristic analysis and improvement methods of the indoor thermal environment in post-disaster temporary residential buildings: A systematic review,"Qin, MY",BUILDING AND ENVIRONMENT,2023,10.1016/j.buildenv.2023.110198,WoS,5,0
Urban buoyancy-driven air flow and modelling method: A critical review,"Mei, SJ",BUILDING AND ENVIRONMENT,2022,10.1016/j.buildenv.2021.108708,WoS,5,0
Heatwaves in Peninsular Malaysia: a spatiotemporal analysis,"Muhammad, MKI",SCIENTIFIC REPORTS,2024,10.1038/s41598-024-53960-x,WoS,5,1
Extreme temperature increases the risk of stillbirth in the third trimester of pregnancy,"Yang, HY",SCIENTIFIC REPORTS,2022,10.1038/s41598-022-23155-3,WoS,5,0
Genome-wide analysis of the <i>HSP101/CLPB</i> gene family for heat tolerance in hexaploid wheat,"Erdayani, E",SCIENTIFIC REPORTS,2020,10.1038/s41598-020-60673-4,WoS,5,0
Characterizing the highest tropical cyclone frequency in the Western North Pacific since 1984,"Basconcillo, J",SCIENTIFIC REPORTS,2021,10.1038/s41598-021-93824-2,WoS,5,0
A unifying model to estimate the effect of heat stress in the human innate immunity during physical activities,"Presbitero, A",SCIENTIFIC REPORTS,2021,10.1038/s41598-021-96191-0,WoS,5,0
"Characteristics of Marine Heatwaves in the Indonesian Waters during the PDO, ENSO, and IOD Phases and Their Relationships to Net Surface Heat Flux","Beliyana, E",ATMOSPHERE,2023,10.3390/atmos14061035,WoS,4,0
Effect of the Near-Future Climate Change under RCP8.5 on the Heat Stress and Associated Work Performance in Thailand,"Amnuaylojaroen, T",ATMOSPHERE,2022,10.3390/atmos13020325,WoS,4,0
"Climate Trends and Extremes in the Indus River Basin, Pakistan: Implications for Agricultural Production","Heureux, AMC",ATMOSPHERE,2022,10.3390/atmos13030378,WoS,4,0
Future Changes in High and Low Flows under the Impacts of Climate and Land Use Changes in the Jiulong River Basin of Southeast China,"Yang, SY",ATMOSPHERE,2022,10.3390/atmos13020150,WoS,4,0
Editorial: Opening the black box of kelps: Response of early life stages to anthropogenic stressors,"Martins, N",FRONTIERS IN MARINE SCIENCE,2023,10.3389/fmars.2022.1133857,WoS,4,0
Summer Heatwave Impacts on the European Kelp <i>Saccharina latissima</i> Across Its Latitudinal Distribution Gradient,"Diehl, N",FRONTIERS IN MARINE SCIENCE,2021,10.3389/fmars.2021.695821,WoS,4,0
Extreme Sea-Surface Cooling Induced by Eddy Heat Advection During Tropical Cyclone in the North Western Pacific Ocean,"Qiu, CH",FRONTIERS IN MARINE SCIENCE,2021,10.3389/fmars.2021.726306,WoS,4,0
"Spatial Variation in Thermal Stress Experienced by Barnacles on Rocky Shores: The Interplay Between Geographic Variation, Tidal Cycles and Microhabitat Temperatures","Wang, HY",FRONTIERS IN MARINE SCIENCE,2020,10.3389/fmars.2020.00553,WoS,4,0
Analysis of heatwaves based on the universal thermal climate index and apparent temperature over mainland Southeast Asia,"Liu, LLJ",INTERNATIONAL JOURNAL OF BIOMETEOROLOGY,2023,10.1007/s00484-023-02562-9,WoS,4,1
Spatial patterns of health vulnerability to heatwaves in Vietnam,"Tran, DN",INTERNATIONAL JOURNAL OF BIOMETEOROLOGY,2020,10.1007/s00484-020-01876-2,WoS,4,0
Public transit infrastructure and heat perceptions in hot and dry climates,"Dzyuban, Y",INTERNATIONAL JOURNAL OF BIOMETEOROLOGY,2022,10.1007/s00484-021-02074-4,WoS,4,0
"Subseasonal prediction for bloom dates of tart cherries in Utah and Michigan, USA: merging phenological models with CFSv2 forecast","Promchote, P",INTERNATIONAL JOURNAL OF BIOMETEOROLOGY,2020,10.1007/s00484-020-02005-9,WoS,4,0
The Impact of Heatwaves on Mortality and Morbidity and the Associated Vulnerability Factors: A Systematic Review,"Arsad, FS",INTERNATIONAL JOURNAL OF ENVIRONMENTAL RESEARCH AND PUBLIC HEALTH,2022,10.3390/ijerph192316356,WoS,4,0
"The Malay-Version Knowledge, Risk Perception, Attitude and Practice Questionnaire on Heatwaves: Development and Construct Validation","Arsad, FS",INTERNATIONAL JOURNAL OF ENVIRONMENTAL RESEARCH AND PUBLIC HEALTH,2022,10.3390/ijerph19042279,WoS,4,0
Fundamental Concepts of Human Thermoregulation and Adaptation to Heat: A Review in the Context of Global Warming,"Lim, CL",INTERNATIONAL JOURNAL OF ENVIRONMENTAL RESEARCH AND PUBLIC HEALTH,2020,10.3390/ijerph17217795,WoS,4,0
The Mortality Effect of Apparent Temperature: A Multi-City Study in Asia,"Cao, R",INTERNATIONAL JOURNAL OF ENVIRONMENTAL RESEARCH AND PUBLIC HEALTH,2021,10.3390/ijerph18094675,WoS,4,0
Modeling the influences of layouts of residential townhouses and tree-planting patterns on outdoor thermal comfort in Bangkok suburb,"Srivanit, M",JOURNAL OF BUILDING ENGINEERING,2020,10.1016/j.jobe.2020.101262,WoS,4,0
Optimizing building energy performance predictions: A comparative study of artificial intelligence models,"Alawi, OA",JOURNAL OF BUILDING ENGINEERING,2024,10.1016/j.jobe.2024.109247,WoS,4,0
Interaction of silica fume on flexural properties of 10 mm-thickness geopolymers based on fly ash and ladle furnace slag under the thermal conditions,"Yong-Sing, N",JOURNAL OF BUILDING ENGINEERING,2023,10.1016/j.jobe.2023.106331,WoS,4,0
Thermal analysis of sustainable and micro-filler Basalt reinforced polymer biocomposites for lightweight applications,"Jagadeesh, P",JOURNAL OF BUILDING ENGINEERING,2023,10.1016/j.jobe.2023.107869,WoS,4,0
Laser-Assisted High Speed Machining of 316 Stainless Steel: The Effect of Water-Soluble Sago Starch Based Cutting Fluid on Surface Roughness and Tool Wear,"Yasmin, F",MATERIALS,2021,10.3390/ma14051311,WoS,4,0
Effect of Ranque-Hilsch Vortex Tube Cooling to Enhance the Surface-Topography and Tool-Wear in Sustainable Turning of Al-5.6Zn-2.5Mg-1.6Cu-0.23Cr-T6 Aerospace Alloy,"Singh, J",MATERIALS,2022,10.3390/ma15165681,WoS,4,0
Concrete Performance Attenuation of Mix Nano-SiO<sub>2</sub> and Nano-CaCO<sub>3</sub> under High Temperature: A Comprehensive Review,"Syamsunur, D",MATERIALS,2022,10.3390/ma15207073,WoS,4,0
Interaction of Geopolymer Filler and Alkali Molarity Concentration towards the Fire Properties of Glass-Reinforced Epoxy Composites Fabricated Using Filament Winding Technique,"Abu Hashim, MF",MATERIALS,2022,10.3390/ma15186495,WoS,4,0
Prediction of heat waves using meteorological variables in diverse regions of Iran with advanced machine learning models,"Asadollah, SBHS",STOCHASTIC ENVIRONMENTAL RESEARCH AND RISK ASSESSMENT,2022,10.1007/s00477-021-02103-z,WoS,4,0
Prediction of heat waves over Pakistan using support vector machine algorithm in the context of climate change,"Khan, N",STOCHASTIC ENVIRONMENTAL RESEARCH AND RISK ASSESSMENT,2021,10.1007/s00477-020-01963-1,WoS,4,0
Spatiotemporal changes in Hourly Wet Bulb Globe temperature in Peninsular Malaysia,"Houmsi, MR",STOCHASTIC ENVIRONMENTAL RESEARCH AND RISK ASSESSMENT,2023,10.1007/s00477-023-02396-2,WoS,4,1
Spatiotemporal variability of drought and affected croplands in the horn of Africa,"Alasow, AA",STOCHASTIC ENVIRONMENTAL RESEARCH AND RISK ASSESSMENT,2024,10.1007/s00477-023-02575-1,WoS,4,0
Spatiotemporal changes in population exposure to heat stress in South Asia,"Kyaw, AK",SUSTAINABLE CITIES AND SOCIETY,2023,10.1016/j.scs.2023.104544,WoS,4,0
How do disparate urbanization and climate change imprint on urban thermal variations? A comparison between two dynamic cities in Southeast Asia,"Nguyen, CT",SUSTAINABLE CITIES AND SOCIETY,2022,10.1016/j.scs.2022.103882,WoS,4,0
Impact of urban canyon geometries on outdoor thermal comfort in central business districts,"Deng, JY",SUSTAINABLE CITIES AND SOCIETY,2020,10.1016/j.scs.2019.101966,WoS,4,0
A review of traditional multistage roofs design and performance in vernacular buildings in Myanmar,"Zune, M",SUSTAINABLE CITIES AND SOCIETY,2020,10.1016/j.scs.2020.102240,WoS,4,0
Marine Heatwave Characteristics in the Makassar Strait and Its Surrounding Waters,"Ningsih, NS",WATER,2023,10.3390/w15142645,WoS,4,0
Detailed Trend Analysis of Extreme Climate Indices in the Upper Geum River Basin,"Felix, ML",WATER,2021,10.3390/w13223171,WoS,4,
"Assessment of Hydrological Response to Climatic Variables over the Hindu Kush Mountains, South Asia","Masood, MU",WATER,2023,10.3390/w15203606,WoS,4,
"Effects of Extreme-Ambient Temperatures in Silver Barb (<i>Barbonymus gonionotus</i>): Metabolic, Hemato-Biochemical Responses, Enzymatic Activity and Gill Histomorphology","Mazumder, SK",WATER,2024,10.3390/w16020292,WoS,4,
Impact of El Nino on Oil Palm Yield in Malaysia,"Khor, JF",AGRONOMY-BASEL,2021,10.3390/agronomy11112189,WoS,3,
Analysis of Weed Communities in Solar Farms Located in Tropical Areas-The Case of Malaysia,"Ya'acob, ME",AGRONOMY-BASEL,2022,10.3390/agronomy12123073,WoS,3,
Statistical Analysis versus the M5P Machine Learning Algorithm to Analyze the Yield of Winter Wheat in a Long-Term Fertilizer Experiment,"Thai, TH",AGRONOMY-BASEL,2020,10.3390/agronomy10111779,WoS,3,
Heatwaves in Southeast Asia and Their Changes in a Warmer World,"Dong, ZZ",EARTHS FUTURE,2021,10.1029/2021EF001992,WoS,3,
Integrated Assessment of Urban Overheating Impacts on Human Life,"Nazarian, N",EARTHS FUTURE,2022,10.1029/2022EF002682,WoS,3,
The Climatic Impact-Driver Framework for Assessment of Risk-Relevant Climate Information,"Ruane, AC",EARTHS FUTURE,2022,10.1029/2022EF002803,WoS,3,
Transgenerational exposure to marine heatwaves ameliorates the lethal effect on tropical copepods regardless of predation stress,"Truong, KN",ECOLOGY AND EVOLUTION,2022,10.1002/ece3.9149,WoS,3,
Heat stress responses and population genetics of the kelp<i>Laminaria digitata</i>(Phaeophyceae) across latitudes reveal differentiation among North Atlantic populations,"Liesner, D",ECOLOGY AND EVOLUTION,2020,10.1002/ece3.6569,WoS,3,
Behavioral repertoire of high-shore littorinid snails reveals novel adaptations to an extreme environment,"Ng, TPT",ECOLOGY AND EVOLUTION,2021,10.1002/ece3.7578,WoS,3,
Global Increases in Compound Flood-Hot Extreme Hazards Under Climate Warming,"Gu, L",GEOPHYSICAL RESEARCH LETTERS,2022,10.1029/2022GL097726,WoS,3,
Heat Wave Trends in Southeast Asia: Comparison of Results From Observation and Reanalysis Data,"Li, XX",GEOPHYSICAL RESEARCH LETTERS,2022,10.1029/2021GL097151,WoS,3,
Urban Water Storage Capacity Inferred From Observed Evapotranspiration Recession,"Jongen, HJ",GEOPHYSICAL RESEARCH LETTERS,2022,10.1029/2021GL096069,WoS,3,
Manufacturing motor core lamination from thin non-oriented silicon steel sheet direct by pulsed laser cutting using multi-quality optimized process parameters,"Nguyen, HT",INTERNATIONAL JOURNAL OF ADVANCED MANUFACTURING TECHNOLOGY,2024,10.1007/s00170-024-13661-1,WoS,3,
Artificial intelligence-based modeling and optimization of heat-affected zone and magnetic property in pulsed laser cutting of thin nonoriented silicon steel,"Nguyen, TH",INTERNATIONAL JOURNAL OF ADVANCED MANUFACTURING TECHNOLOGY,2021,10.1007/s00170-021-06847-4,WoS,3,
Effects of submerged convective cooling in the turning of AZ31 magnesium alloy for tool temperature and wear improvement,"Zakaria, MS",INTERNATIONAL JOURNAL OF ADVANCED MANUFACTURING TECHNOLOGY,2022,10.1007/s00170-022-08985-9,WoS,3,
Heat and Wheat: Adaptation strategies with respect to heat shock proteins and antioxidant potential; an era of climate change,"Abasi, F",INTERNATIONAL JOURNAL OF BIOLOGICAL MACROMOLECULES,2024,10.1016/j.ijbiomac.2023.128379,WoS,3,
"The extraction of buckwheat protein and its interaction with kappa-carrageenan: Textural, rheological, microstructural, and chemical properties","Hua, XY",INTERNATIONAL JOURNAL OF BIOLOGICAL MACROMOLECULES,2024,10.1016/j.ijbiomac.2024.129427,WoS,3,
Preparation and characterization of lignin/nano graphene oxide/styrene butadiene rubber composite for automobile tyre application,"Khan, A",INTERNATIONAL JOURNAL OF BIOLOGICAL MACROMOLECULES,2022,10.1016/j.ijbiomac.2022.02.146,WoS,3,
Economic valuation of temperature-related mortality attributed to urban heat islands in European cities,"Huang, WTK",NATURE COMMUNICATIONS,2023,10.1038/s41467-023-43135-z,WoS,3,
Inelastic phonon transport across atomically sharp metal/semiconductor interfaces,"Li, QS",NATURE COMMUNICATIONS,2022,10.1038/s41467-022-32600-w,WoS,3,
A solution-processable and ultra-permeable conjugated microporous thermoset for selective hydrogen separation,"Liu, W",NATURE COMMUNICATIONS,2020,10.1038/s41467-020-15503-6,WoS,3,
Generalized first-principles method to study near-field heat transfer mediated by Coulomb interaction,"Zhu, T",PHYSICAL REVIEW B,2021,10.1103/PhysRevB.104.L121409,WoS,3,
Theoretical predictions of melting behaviors of hcp iron up to 4000 GPa,"Cuong, TD",PHYSICAL REVIEW B,2022,10.1103/PhysRevB.106.094103,WoS,3,
Reconstructing the phase diagram of iron in the terapascal region via the statistical moment method,"Cuong, TD",PHYSICAL REVIEW B,2023,10.1103/PhysRevB.108.134111,WoS,3,
Climate change-induced urban heat Island trend projection and land surface temperature: A case study of Thailand?s Bangkok metropolitan,"Thanvisitthpon, N",URBAN CLIMATE,2023,10.1016/j.uclim.2023.101484,WoS,3,
Intensification of sub-daily rainfall extremes in a low-rise urban area,"Huang, J",URBAN CLIMATE,2022,10.1016/j.uclim.2022.101124,WoS,3,
Investigation of the decadal unplanned urban expansion influenced surface urban heat island study in the Mosul metropolis,"Abed, SA",URBAN CLIMATE,2024,10.1016/j.uclim.2024.101845,WoS,3,
Agile solar roof tile HVAC,"Sinha, S",26TH REGIONAL SYMPOSIUM ON CHEMICAL ENGINEERING (RSCE 2019),2020,10.1088/1757-899X/778/1/012103,WoS,2,
Parametric and optimization studies for biochar production from municipal solid wastes (MSW) via pyrolysis,"Castillo, KJT",26TH REGIONAL SYMPOSIUM ON CHEMICAL ENGINEERING (RSCE 2019),2020,10.1088/1757-899X/778/1/012078,WoS,2,
Stereolithography of 3D Sustainable Metal Electrodes towards High-Performance Nickel Iron Battery,"Li, C",ADVANCED FUNCTIONAL MATERIALS,2022,10.1002/adfm.202205317,WoS,2,
"Rugged Soft Robots using Tough, Stretchable, and Self-Healable Adhesive Elastomers","Tan, MWM",ADVANCED FUNCTIONAL MATERIALS,2021,10.1002/adfm.202103097,WoS,2,
Spatiotemporal Variability of Hot Days in Association with the Large-Scale Atmospheric Drivers over Vietnam,"Huu, CT",ADVANCES IN METEOROLOGY,2023,10.1155/2023/6612199,WoS,2,
Perspective on the Era of Global Boiling: A Future beyond Global Warming,"Amnuaylojaroen, T",ADVANCES IN METEOROLOGY,2023,10.1155/2023/5580606,WoS,2,
Coordinated preparation and recovery of a post-disaster Multi-energy distribution system considering thermal inertia and diverse uncertainties,"Li, ZM",APPLIED ENERGY,2023,10.1016/j.apenergy.2023.120736,WoS,2,
Demand-side flexibility and demand-side bidding for flexible loads in air-conditioned buildings,"Utama, C",APPLIED ENERGY,2021,10.1016/j.apenergy.2020.116418,WoS,2,
Integrating Remote Sensing and Ground-Based Data for Enhanced Spatial-Temporal Analysis of Heatwaves: A Machine Learning Approach,"Chongtaku, T",APPLIED SCIENCES-BASEL,2024,10.3390/app14103969,WoS,2,
Energy Performance of a High-Rise Residential Building Using Fibre-Reinforced Structural Lightweight Aggregate Concrete,"Muda, ZC",APPLIED SCIENCES-BASEL,2020,10.3390/app10134489,WoS,2,
A state-of-the art review on advancing battery thermal management systems for fast-charging,"Thakur, AK",APPLIED THERMAL ENGINEERING,2023,10.1016/j.applthermaleng.2023.120303,WoS,2,
Integrating phase-change thermal storage into the indirect dry-cooling system of a thermal power unit and optimal operation strategy,"Wang, BG",APPLIED THERMAL ENGINEERING,2024,10.1016/j.applthermaleng.2024.123499,WoS,2,
How susceptible are rainbow trout and brown trout to infection with tilapia lake virus at increased water temperature - Is there any potential for climate change driven host jump?,"Adamek, M",AQUACULTURE,2023,10.1016/j.aquaculture.2023.739469,WoS,2,
"Chronic heat stress as a predisposing factor in summer mortality of mussels, <i>Perna canaliculus</i>","Ericson, JA",AQUACULTURE,2023,10.1016/j.aquaculture.2022.738986,WoS,2,
"Extreme temperature differently alters the effects of dietary vitamin C on the growth, immunity and pathogen resistance of Waigieu seaperch, <i>Psammoperca waigiensis</i>","Le, MH",AQUACULTURE RESEARCH,2021,10.1111/are.15408,WoS,2,
Combined effects of a simulated marine heatwave and an algal toxin on a tropical marine aquaculture fish cobia (<i>Rachycentron canadum</i>),"Le, MH",AQUACULTURE RESEARCH,2020,10.1111/are.14596,WoS,2,
The impact of humidity on Australia's operational heatwave services,"Nairn, J",CLIMATE SERVICES,2022,10.1016/j.cliser.2022.100315,WoS,2,
Fostering anticipatory humanitarian actions for heatwaves in Hanoi through forecast-based financing,"Dinnissen, S",CLIMATE SERVICES,2020,10.1016/j.cliser.2020.100171,WoS,2,
"Live slow, die old: larval propagation of slow-growing, stress-tolerant corals for reef restoration","Guest, J",CORAL REEFS,2023,10.1007/s00338-023-02440-1,WoS,2,
The contribution of stress-tolerant endosymbiotic dinoflagellate <i>Durusdinium</i> to <i>Pocillopora acuta</i> survival in a highly urbanized reef system,"Poquita-Du, RC",CORAL REEFS,2020,10.1007/s00338-020-01902-0,WoS,2,
Observed Global Changes in Sector-Relevant Climate Extremes Indices-An Extension to HadEX3,"Dunn, RJH",EARTH AND SPACE SCIENCE,2024,10.1029/2023EA003279,WoS,2,
The Spatial Transformation Process and Critical Time Node Detection in Global Extreme High Temperature Clusters,"Zhang, T",EARTH AND SPACE SCIENCE,2021,10.1029/2020EA001282,WoS,2,
"Emergency heater based on gas-fired catalytic combustion infrared technology: Structure, evaluation and thermal response","Qin, MY",ENERGY,2023,10.1016/j.energy.2023.127426,WoS,2,
"Ensemble learning for predicting average thermal extraction load of a hydrothermal geothermal field: A case study in Guanzhong Basin, China","Yu, RY",ENERGY,2024,10.1016/j.energy.2024.131146,WoS,2,
Parental exposures increase the vulnerability of copepod offspring to copper and a simulated marine heatwave,"Dinh, KV",ENVIRONMENTAL POLLUTION,2021,10.1016/j.envpol.2021.117603,WoS,2,
Long-term trends of atmospheric hot-and-polluted episodes (HPE) and the public health implications in the Pearl River Delta region of China,"Nduka, IC",ENVIRONMENTAL POLLUTION,2022,10.1016/j.envpol.2022.119782,WoS,2,
Projections and patterns of heat-related mortality impacts from climate change in Southeast Asia,"Amnuaylojaroen, T",ENVIRONMENTAL RESEARCH COMMUNICATIONS,2024,10.1088/2515-7620/ad3128,WoS,2,
Influence of meridional circulation on extreme high temperature and weakened rainfall over the Yangtze River Valley in August 2022,"Cang, C",ENVIRONMENTAL RESEARCH COMMUNICATIONS,2024,10.1088/2515-7620/ad33ec,WoS,2,
Urban vegetation cooling potential during heatwaves depends on background climate,"Zhao, JC",ENVIRONMENTAL RESEARCH LETTERS,2023,10.1088/1748-9326/acaf0f,WoS,2,
Late monsoon threatens coral refugia in the Andaman Sea,"Liu, YL",ENVIRONMENTAL RESEARCH LETTERS,2022,10.1088/1748-9326/ac4a30,WoS,2,
Extreme Weather and Climate Events and Occupational Health in Thailand,"Langkulsen, U",EXTREME WEATHER EVENTS AND HUMAN HEALTH: INTERNATIONAL CASE STUDIES,2020,10.1007/978-3-030-23773-8_15,WoS,2,
Climate-Related Disasters and Health Impact in Malaysia,"Aghamohammadi, N",EXTREME WEATHER EVENTS AND HUMAN HEALTH: INTERNATIONAL CASE STUDIES,2020,10.1007/978-3-030-23773-8_17,WoS,2,
"Community structure of thermophilic photosynthetic microbial mats and flocs at Sembawang Hot Spring, Singapore","George, C",FRONTIERS IN MICROBIOLOGY,2023,10.3389/fmicb.2023.1189468,WoS,2,
"A Thermostable, Modified Cathelicidin-Derived Peptide With Enhanced Membrane-Active Activity Against <i>Salmonella enterica</i> serovar Typhimurium","Klubthawee, N",FRONTIERS IN MICROBIOLOGY,2021,10.3389/fmicb.2020.592220,WoS,2,
Nickel catalyst supported on SiC incorporated SiO2 for CO2 methanation: Positive effects of dysprosium promoter and microwaves heating method,"Nguyen, NP",FUEL,2024,10.1016/j.fuel.2024.130939,WoS,2,
Highly selective CO2 electrocatalytic reduction on nickel single-atom catalyst in a high-temperature shockwave method,"Wang, JW",FUEL,2023,10.1016/j.fuel.2022.127312,WoS,2,
A review on architectural and urban design approaches to reducing the urban heat island effect,"Yu, CH",GEOGRAFIA-MALAYSIAN JOURNAL OF SOCIETY & SPACE,2022,10.17576/geo-2022-1801-07,WoS,2,
"The influence of El Nino Southern Oscillation on urban heat island formation at tropical city: Case of Kuching City, Sarawak","Kemarau, RA",GEOGRAFIA-MALAYSIAN JOURNAL OF SOCIETY & SPACE,2021,10.17576/geo-2021-1704-20,WoS,2,
Forest structure and composition alleviate human thermal stress,"Gillerot, L",GLOBAL CHANGE BIOLOGY,2022,10.1111/gcb.16419,WoS,2,
The Indian Ocean Dipole and El Nino Southern Oscillation as major drivers of coral cover on shallow reefs in the Andaman Sea,"Dunne, RP",GLOBAL CHANGE BIOLOGY,2021,10.1111/gcb.15640,WoS,2,
Marine heatwaves of sea surface temperature off south Java,"Iskandar, MR",HELIYON,2021,10.1016/j.heliyon.2021.e08618,WoS,2,
"Extreme climate projections under representative concentration pathways in the Lower Songkhram River Basin, Thailand","Shrestha, S",HELIYON,2021,10.1016/j.heliyon.2021.e06146,WoS,2,
Resilience Assessment for Integrated Energy System Considering Gas-Thermal Inertia and System Interdependency,"Sun, QR",IEEE TRANSACTIONS ON SMART GRID,2024,10.1109/TSG.2023.3306183,WoS,2,
Restoration of a Multi-Energy Distribution System With Joint District Network Reconfiguration via Distributed Stochastic Programming,"Li, ZM",IEEE TRANSACTIONS ON SMART GRID,2024,10.1109/TSG.2023.3317780,WoS,2,
An analysis of climate change and health hazards: results from an international study,"Leal, W",INTERNATIONAL JOURNAL OF CLIMATE CHANGE STRATEGIES AND MANAGEMENT,2022,10.1108/IJCCSM-08-2021-0090,WoS,2,
Climate change and extremes: implications on city livability and associated health risks across the globe,"Leal, W",INTERNATIONAL JOURNAL OF CLIMATE CHANGE STRATEGIES AND MANAGEMENT,2023,10.1108/IJCCSM-07-2021-0078,WoS,2,
Renewable hydrogen driven CHCP device,"Khalid, MB",INTERNATIONAL JOURNAL OF HYDROGEN ENERGY,2022,10.1016/j.ijhydene.2021.10.148,WoS,2,
Thermal impact performance study for the thermal management of ammonia-fueled single tubular solid oxide fuel cell,"Lai, YC",INTERNATIONAL JOURNAL OF HYDROGEN ENERGY,2023,10.1016/j.ijhydene.2022.10.106,WoS,2,
Chronic heat stress in tropical urban informal settlements,"Ramsay, EE",ISCIENCE,2021,10.1016/j.isci.2021.103248,WoS,2,
Applying machine learning to balance performance and stability of high energy density materials,"Huang, XN",ISCIENCE,2021,10.1016/j.isci.2021.102240,WoS,2,
Spatial patterns of health vulnerability to heatwaves in Vietnam,Tran D.N.; Doan V.Q.; Nguyen V.T.; Khan A.; Thai P.K.; Cunrui H.; Chu C.; Schak E.; Phung D.,International Journal of Biometeorology,2020,10.1007/s00484-020-01876-2,Scopus,2,
Analysis of heatwaves based on the universal thermal climate index and apparent temperature over mainland Southeast Asia,Liu L.; Qin X.,International Journal of Biometeorology,2023,10.1007/s00484-023-02562-9,Scopus,2,
Future exposure of rainfall and temperature extremes to the most populous island of Indonesia: A projection based on CORDEX simulation,Hendrawan V.S.A.; Mawandha H.G.; Sakti A.D.; Karlina; Andika N.; Shahid S.; Jayadi R.,International Journal of Climatology,2024,10.1002/joc.8537,Scopus,2,
Climate change over Indonesia and its impact on nutmeg production: An analysis under high-resolution CORDEX-CORE regional simulation framework,Anripa N.; Kumar A.; Maharana P.; Dimri A.P.,International Journal of Climatology,2023,10.1002/joc.8098,Scopus,2,
Acquiring land in cold winter: Consequences and possible explanations,"Pan, YH",JOURNAL OF ENVIRONMENTAL ECONOMICS AND MANAGEMENT,2022,10.1016/j.jeem.2022.102721,WoS,2,
Impact of temperature on morbidity: New evidence from China,"Agarwal, S",JOURNAL OF ENVIRONMENTAL ECONOMICS AND MANAGEMENT,2021,10.1016/j.jeem.2021.102495,WoS,2,
Predator cues increase negative effects of a simulated marine heatwave on tropical zooplankton,"Truong, KN",JOURNAL OF EXPERIMENTAL MARINE BIOLOGY AND ECOLOGY,2020,10.1016/j.jembe.2020.151415,WoS,2,
Thermal fluctuations independently modulate physiological plasticity and the dynamics of the gut microbiome in a tropical rocky shore oyster,"Arromrak, BS",JOURNAL OF EXPERIMENTAL MARINE BIOLOGY AND ECOLOGY,2024,10.1016/j.jembe.2024.152004,WoS,2,
Marine Heatwaves in the Indonesian Fisheries Management Areas,"Habibullah, AD",JOURNAL OF MARINE SCIENCE AND ENGINEERING,2023,10.3390/jmse11010161,WoS,2,
Dynamic Neuro-Fuzzy Systems for Forecasting El Nino Southern Oscillation (ENSO) Using Oceanic and Continental Climate Parameters as Inputs,"Lee, MZ",JOURNAL OF MARINE SCIENCE AND ENGINEERING,2022,10.3390/jmse10081161,WoS,2,
"Heatwaves, wildfires and global warming: a call to public health action","Corpuz, JCG",JOURNAL OF PUBLIC HEALTH,2023,10.1093/pubmed/fdad242,WoS,2,
Addressing the escalating heat index in the Philippines: a call to action,"Rogayan, DV Jr",JOURNAL OF PUBLIC HEALTH,2024,10.1093/pubmed/fdae073,WoS,2,
The 2020 report of the <i>Lancet</i> Countdown on health and climate change: responding to converging crises,"Watts, N",LANCET,2021,10.1016/S0140-6736(20)32290-X,WoS,2,
The 2022 report of the <i>Lancet</i> Countdown on health and climate change: health at the mercy of fossil fuels,"Romanello, M",LANCET,2022,10.1016/S0140-6736(22)01540-9,WoS,2,
"Climate change and human health in Vietnam: a systematic review and additional analyses on current impacts, future risk, and adaptation","Tran, NQL",LANCET REGIONAL HEALTH-WESTERN PACIFIC,2023,10.1016/j.lanwpc.2023.100943,WoS,2,
Climate change and population health in Singapore: a systematic review,"Aik, J",LANCET REGIONAL HEALTH-WESTERN PACIFIC,2023,10.1016/j.lanwpc.2023.100947,WoS,2,
Seaweed and climate change: A mapping review,"Segaran, TC",MARINE ENVIRONMENTAL RESEARCH,2023,10.1016/j.marenvres.2023.106216,WoS,2,
Behaviour broadens thermal safety margins on artificial coastal defences in the tropics,"Chan, SHM",MARINE ENVIRONMENTAL RESEARCH,2022,10.1016/j.marenvres.2022.105618,WoS,2,
Interactive effects of extreme temperature and a widespread coastal metal contaminant reduce the fitness of a common tropical copepod across generations,"Dinh, KV",MARINE POLLUTION BULLETIN,2020,10.1016/j.marpolbul.2020.111509,WoS,2,
Impacts of marine heatwaves on pearl oysters are alleviated following repeated exposure,"Xu, Y",MARINE POLLUTION BULLETIN,2021,10.1016/j.marpolbul.2021.112932,WoS,2,
The role of global reanalyses in climate services for health: Insights from the <i>Lancet</i> Countdown,"Di Napoli, C",METEOROLOGICAL APPLICATIONS,2023,10.1002/met.2122,WoS,2,
Upper tropospheric cloud-radiation interaction induced by monsoon surge over the South China Sea,"Koseki, S",METEOROLOGICAL APPLICATIONS,2023,10.1002/met.2125,WoS,2,
Effect of marine heatwaves and warming on kelp microbiota influence trophic interactions,"Castro, LC",MOLECULAR ECOLOGY,2024,10.1111/mec.17267,WoS,2,
Corals in the hottest reefs in the world exhibit symbiont fidelity not flexibility,"Howells, EJ",MOLECULAR ECOLOGY,2020,10.1111/mec.15372,WoS,2,
A heatwave of accretion energy traced by masers in the G358-MM1 high-mass protostar,"Burns, RA",NATURE ASTRONOMY,2020,10.1038/s41550-019-0989-3,WoS,2,
A Keplerian disk with a four-arm spiral birthing an episodically accreting high-mass protostar,"Burns, RA",NATURE ASTRONOMY,2023,10.1038/s41550-023-01899-w,WoS,2,
Research priorities for global food security under extreme events,"Mehrabi, Z",ONE EARTH,2022,10.1016/j.oneear.2022.06.008,WoS,2,
Reducing urban overheating risks through climate-resilient development in the warming tropics,"Chow, WTL",ONE EARTH,2024,10.1016/j.oneear.2023.12.018,WoS,2,
Impact of elevated temperature on the physiological and biochemical responses of<i>Kappaphycus alvarezii</i>(Rhodophyta),"Kumar, YN",PLOS ONE,2020,10.1371/journal.pone.0239097,WoS,2,
Translation and cross-cultural adaptation of heat strain score index (HSSI) into the Malay language,"Lim, MC",PLOS ONE,2023,10.1371/journal.pone.0281217,WoS,2,
Carboxylated cellulose composite film fabricated via layer-by-layer self-sssembly for thermal management material with ultra-high thermal conductivity,"Yang, B",POLYMER COMPOSITES,2024,10.1002/pc.28323,WoS,2,
Development and experimental analysis of polymer based composite bipolar plate using Aquila Taguchi optimization: Design of experiments,"Raja, S",POLYMER COMPOSITES,2022,10.1002/pc.26861,WoS,2,
Resistance of African tropical forests to an extreme climate anomaly,"Bennett, AC",PROCEEDINGS OF THE NATIONAL ACADEMY OF SCIENCES OF THE UNITED STATES OF,2021,10.1073/pnas.2003169118,WoS,2,
Atmospheric forcing dominates winter Barents-Kara sea ice variability on interannual to decadal time scales,"Liu, Z",PROCEEDINGS OF THE NATIONAL ACADEMY OF SCIENCES OF THE UNITED STATES OF,2022,10.1073/pnas.2120770119,WoS,2,
"Beating the urban heat: Situation, background, impacts and the way forward in China","He, BJ",RENEWABLE & SUSTAINABLE ENERGY REVIEWS,2022,10.1016/j.rser.2022.112350,WoS,2,
Heat transfer growth of sonochemically synthesized novel mixed metal oxide ZnO+Al<sub>2</sub>O<sub>3</sub>+TiO<sub>2</sub>/DW based ternary hybrid nanofluids in a square flow conduit,"Ahmed, W",RENEWABLE & SUSTAINABLE ENERGY REVIEWS,2021,10.1016/j.rser.2021.111025,WoS,2,
Evaluating urban greening scenarios for urban heat mitigation: a spatially explicit approach,"Bosch, M",ROYAL SOCIETY OPEN SCIENCE,2021,10.1098/rsos.202174,WoS,2,
Bellwethers of change: population modelling of North Pacific humpback whales from 2002 through 2021 reveals shift from recovery to climate response,"Cheeseman, T",ROYAL SOCIETY OPEN SCIENCE,2024,10.1098/rsos.231462,WoS,2,
Marine high temperature extremes amplify the impacts of climate change on fish and fisheries,"Cheung, WWL",SCIENCE ADVANCES,2021,10.1126/sciadv.abh0895,WoS,2,
Unidirectionally excited phonon polaritons in high-symmetry orthorhombic crystals,"Zhang, Q",SCIENCE ADVANCES,2022,10.1126/sciadv.abn9774,WoS,2,
The effects of maximum ambient temperature and heatwaves on dengue infections in the tropical city-state of Singapore – A time series analysis,Seah A.; Aik J.; Ng L.-C.; Tam C.C.,Science of the Total Environment,2021,10.1016/j.scitotenv.2021.145117,Scopus,2,
Anthropogenic climate change exacerbates the risk of successive flood-heat extremes: Multi-model global projections based on the Inter-Sectoral Impact Model Intercomparison Project,Zhou J.; Wu C.; Yeh P.J.-F.; Ju J.; Zhong L.; Wang S.; Zhang J.,Science of the Total Environment,2023,10.1016/j.scitotenv.2023.164274,Scopus,2,
How do disparate urbanization and climate change imprint on urban thermal variations? A comparison between two dynamic cities in Southeast Asia,Nguyen C.T.; Chidthaisong A.; Limsakul A.; Varnakovida P.; Ekkawatpanit C.; Diem P.K.; Diep N.T.H.,Sustainable Cities and Society,2022,10.1016/j.scs.2022.103882,Scopus,2,
Assessing impact of urban densification on outdoor microclimate and thermal comfort using ENVI-met simulations for Combined Spatial-Climatic Design (CSCD) approach,Banerjee S.; Pek R.X.Y.; Yik S.K.; Ching G.N.; Ho X.T.; Dzyuban Y.; Crank P.J.; Acero J.A.; Chow W.T.L.,Sustainable Cities and Society,2024,10.1016/j.scs.2024.105302,Scopus,2,
Design and performance testing of liquid separation fryer,"Trijid, W",13TH THAI SOCIETY OF AGRICULTURAL ENGINEERING INTERNATIONAL CONFERENCE,2020,10.1051/e3sconf/202018704005,WoS,1,
Performance of the Outdoor Evaporative Cooling: A Case Study of Thammasat University Rangsit Campus,"Altaf, M","2020 INTERNATIONAL CONFERENCE AND UTILITY EXHIBITION ON ENERGY,",2020,10.1109/icue49301.2020.9307135,WoS,1,
Chemical and Physical Behavior of Rubberized Concrete: A Review,"Musarat, MA",2021 INTERNATIONAL CONFERENCE ON DECISION AID SCIENCES AND APPLICATION,2021,10.1109/DASA53625.2021.9682385,WoS,1,
Study on energy flow model and performance analysis of combined cooling and power system,"Cao, ML",2022 IEEE 17TH CONFERENCE ON INDUSTRIAL ELECTRONICS AND APPLICATIONS,2022,10.1109/ICIEA54703.2022.10005895,WoS,1,
Saving Earth One Tweet at a Time through the Lens of Artificial Intelligence,"Duong, C",2022 INTERNATIONAL JOINT CONFERENCE ON NEURAL NETWORKS (IJCNN),2022,10.1109/IJCNN55064.2022.9892271,WoS,1,
Assessment of marine warming in Indonesia: a case study off the coast of West Sumatra,"Ismail, MFA",3RD INTERNATIONAL CONFERENCE ON FISHERIES AND MARINE SCIENCES,2021,10.1088/1755-1315/718/1/012006,WoS,1,
Measurement of PCM-Concrete Composites Thermal Properties for Energy Conservation in Building Material,"Hakim, II",4TH INTERNATIONAL TROPICAL RENEWABLE ENERGY CONFERENCE (I-TREC 2019),2020,10.1063/5.0014120,WoS,1,
"Microclimatic perception and preference among market vendors in Jakarta, Indonesia","Ufaira, RM","7TH ENVIRONMENTAL TECHNOLOGY AND MANAGEMENT CONFERENCE, ETMC 2023",2024,10.1051/e3sconf/202448501005,WoS,1,
Crack-Across-Pore Enabled High-Performance Flexible Pressure Sensors for Deep Neural Network Enhanced Sensing and Human Action Recognition,"Hou, YX",ACS NANO,2022,10.1021/acsnano.2c02609,WoS,1,
Optimizing MWCNT-Based Nanofluids for Photovoltaic/Thermal Cooling through Preparation Parameters,"Chaichan, MT",ACS OMEGA,2023,10.1021/acsomega.2c07226,WoS,1,
Daytime Radiative Cooling under Extreme Weather Conditions,"Hwang, J",ADVANCED ENERGY AND SUSTAINABILITY RESEARCH,2024,10.1002/aesr.202300239,WoS,1,
Bio-Inspired Sandwich-Structured All-Day-Round Solar Evaporator for Synergistic Clean Water and Electricity Generation,"Niu, R",ADVANCED ENERGY MATERIALS,2023,10.1002/aenm.202302451,WoS,1,
Flexible and Stretchable Thermoresponsive Display for Multifunctional Device Applications,"Kumar, V",ADVANCED ENGINEERING MATERIALS,2024,10.1002/adem.202400117,WoS,1,
Passive Ultra-Conductive Thermal Metamaterials,"Guo, J",ADVANCED MATERIALS,2022,10.1002/adma.202200329,WoS,1,
Planning urban energy systems adapting to extreme weather,"Jing, R",ADVANCES IN APPLIED ENERGY,2021,10.1016/j.adapen.2021.100053,WoS,1,
Navigating climate challenges: Unraveling the effects of climate change on oil palm cultivation and adaptation strategies,"Abubakar, A","ADVANCES IN FOOD SECURITY AND SUSTAINABILITY, VOL. 8",2023,10.1016/bs.af2s.2023.07.002,WoS,1,
Prediction of droughts over Pakistan using machine learning algorithms,"Khan, N",ADVANCES IN WATER RESOURCES,2020,10.1016/j.advwatres.2020.103562,WoS,1,
Numerical study of melting-process of a non-Newtonian fluid inside a metal foam,"Mehryan, SAM",ALEXANDRIA ENGINEERING JOURNAL,2020,10.1016/j.aej.2019.12.021,WoS,1,
Timing Metabolic Depression: Predicting Thermal Stress in Extreme Intertidal Environments,"Hui, TY",AMERICAN NATURALIST,2020,10.1086/710339,WoS,1,
Electroosmotic flow modulation for improved electrokinetic preconcentration: Application to capillary electrophoresis of fluorescent magnetic nanoparticles,"Nguyen, NVT",ANALYTICA CHIMICA ACTA,2021,10.1016/j.aca.2021.338466,WoS,1,
Association of selected gene polymorphisms with thermotolerance traits in cattle - A review,"Hariyono, DNH",ANIMAL BIOSCIENCE,2022,10.5713/ab.22.0055,WoS,1,
Analysis of Mechanical and Environmental Effects of Utilizing Waste Glass for the Creation of Sustainable Ultra-High Performance Concrete,"Ismaeel, AM",ANNALES DE CHIMIE-SCIENCE DES MATERIAUX,2023,10.18280/acsm.470208,WoS,1,
"TWEAKING CRASSULACEAN ACID METABOLISM (CAM)-CYCLING PLANTS FOR CROP PRODUCTIVITY IMPROVEMENT IN VIEW OF A BIOENERGY CROP, <i>JATROPHA CURCAS</i> LINN","Govender, N",ANNUAL PLANT REVIEWS ONLINE,2021,10.1002/9781119312994.apr0732,WoS,1,
Impacts of Climate Change on Marine Foundation Species,"Wernberg, T",ANNUAL REVIEW OF MARINE SCIENCE,2024,10.1146/annurev-marine-042023-093037,WoS,1,
"PHYSIOLOGICAL RESPONSES TO INCREASED TEMPERATURE AND IRRADIANCE IN THE CALCIFYING MACROALGAE, <i>HALIMEDA MACROLOBA</i>, <i>HALIMEDA OPUNTIA</i> AND <i>PADINA BORYANA</i>","Buapet, P",APPLIED ECOLOGY AND ENVIRONMENTAL RESEARCH,2023,10.15666/aeer/2105_47454780,WoS,1,
A detailed 3D stoichiometric map of spinels and oxides in structurally critical passivation layers on Inconel 718 superalloy after heating up to 650°C,"Beyhaghi, M",APPLIED SURFACE SCIENCE,2024,10.1016/j.apsusc.2024.160276,WoS,1,
"Using remotely sensed data in Google Earth Engine to investigate water surface temperature at shrimp farms in the climate change context: a case study at Mong Cai City, Quang Ninh Province, Vietnam","Bui, TD",AQUACULTURE INTERNATIONAL,2024,10.1007/s10499-024-01465-9,WoS,1,
Changes on the heat shock protein 70 (HSP70) in water buffalo spermatozoa revealed the capacitation like event in cryopreservation,"Rio, SME",ASIAN JOURNAL OF AGRICULTURE AND BIOLOGY,2021,10.35495/ajab.2020.07.412,WoS,1,
Large-scale Effect of an Accretion Burst in the High-Mass Young Stellar Object G358.93-0.03-MM1,"Miao, D",ASTRONOMICAL JOURNAL,2024,10.3847/1538-3881/ad1599,WoS,1,
Mortality and morbidity of chronic kidney disease associated with ambient environment in metropolitans in Taiwan,"Zafirah, Y",ATMOSPHERIC ENVIRONMENT,2022,10.1016/j.atmosenv.2022.119317,WoS,1,
The impact of extreme heat on older regional and rural Australians: A systematic review,"Harvey, G",AUSTRALIAN JOURNAL OF RURAL HEALTH,2024,10.1111/ajr.13094,WoS,1,
"Urban Heat Island, Contributing Factors, Public Responses and Mitigation Approaches in the Tropical Context of Malaysia",Aghamohammadi N.; Ramakreshnan L.; Fong C.S.; Sulaiman N.M.,Advances in 21st Century Human Settlements,2021,10.1007/978-981-33-4050-3_5,Scopus,1,
Future Changes in High and Low Flows under the Impacts of Climate and Land Use Changes in the Jiulong River Basin of Southeast China,Yang S.; Yang D.; Zhao B.; Ma T.; Lu W.; Santisirisomboon J.,Atmosphere,2022,10.3390/atmos13020150,Scopus,1,
"Interaction between heat wave and urban heat island: A case study in a tropical coastal city, Singapore",Chew L.W.; Liu X.; Li X.-X.; Norford L.K.,Atmospheric Research,2021,10.1016/j.atmosres.2020.105134,Scopus,1,
Machine Learning Approach for Predicting Hydrothermal Liquefaction of Lignocellulosic Biomass,"Katongtung, T",BIOENERGY RESEARCH,2024,10.1007/s12155-024-10773-0,WoS,1,
"RETRACTED: Machine learning prediction of higher heating value of biomass (Retracted article. See SEP, 2023)","Dai, ZC",BIOMASS CONVERSION AND BIOREFINERY,2023,10.1007/s13399-021-01273-8,WoS,1,
Machine learning prediction of biocrude yields and higher heating values from hydrothermal liquefaction of wet biomass and wastes,"Katongtung, T",BIORESOURCE TECHNOLOGY,2022,10.1016/j.biortech.2021.126278,WoS,1,
"Population genetic differentiation of the ubiquitous brooding coral Pocillopora acuta along Phuket Island reefs in the Andaman Sea, Thailand","Fiesinger, A",BMC ECOLOGY AND EVOLUTION,2023,10.1186/s12862-023-02153-7,WoS,1,
Comparative transcriptome profiling of heat stress response of the mangrove crab <i>Scylla serrata</i> across sites of varying climate profiles,"Shrestha, AMS",BMC GENOMICS,2021,10.1186/s12864-021-07891-w,WoS,1,
"Effects of high temperature stress during anthesis and grain filling periods on photosynthesis, lipids and grain yield in wheat","Djanaguiraman, M",BMC PLANT BIOLOGY,2020,10.1186/s12870-020-02479-0,WoS,1,
Involvement of the VEGF signaling pathway in immunosuppression and hypoxia stress: analysis of mRNA expression in lymphocytes mediating panting in Jersey cattle under heat stress,"Wang, J",BMC VETERINARY RESEARCH,2021,10.1186/s12917-021-02912-y,WoS,1,
Systematic review of the efficacy of data-driven urban building energy models during extreme heat in cities: Current trends and future outlook,"Mondal, N",BUILDING SIMULATION,2024,10.1007/s12273-024-1112-y,WoS,1,
Mitigating intensity of urban heat island by better understanding on urban morphology and anthropogenic heat dispersion,Yuan C.; Adelia A.S.; Mei S.; He W.; Li X.-X.; Norford L.,Building and Environment,2020,10.1016/j.buildenv.2020.106876,Scopus,1,
In-situ thermal stability analysis of amorphous Si-doped carbon films,"Rouhani, M",CARBON,2021,10.1016/j.carbon.2021.08.075,WoS,1,
STUDY OF SOLAR BASED VERTICAL FARMING SYSTEMS WITH RAY TRACED DAYLIGHTING ANALYSIS AND VISUALIZATIONS,"Ng, EYK",CARPATHIAN JOURNAL OF FOOD SCIENCE AND TECHNOLOGY,2020,10.34302/crpjfst/2020.12.4.3,WoS,1,
Fabricating advanced MXene-based hybrid materials to elevate fire safety and mechanical strength in carbon fiber-reinforced bismaleimide resins,"Ye, WB",CHEMICAL ENGINEERING JOURNAL,2024,10.1016/j.cej.2024.150456,WoS,1,
Hot-Electron Dynamics Mediated Medical Diagnosis and Therapy,"Luo, B",CHEMICAL REVIEWS,2023,10.1021/acs.chemrev.3c00475,WoS,1,
Associations Between Extreme Temperatures and Cardiovascular Cause-Specific Mortality: Results From 27 Countries,"Alahmad, B",CIRCULATION,2023,10.1161/CIRCULATIONAHA.122.061832,WoS,1,
Extreme heat vulnerability assessment in tropical region: a case study in Malaysia,"Kamal, NIA",CLIMATE AND DEVELOPMENT,2022,10.1080/17565529.2021.1937030,WoS,1,
"Re-naturing Cities: Impact of Microclimate, Human Thermal Comfort and Recreational Participation","Sanusi, R","CLIMATE CHANGE, HAZARDS AND ADAPTATION OPTIONS: HANDLING THE IMPACTS OF",2020,10.1007/978-3-030-37425-9_28,WoS,1,
Temperature and rainfall impacts on robusta coffee bean characteristics,"Kath, J",CLIMATE RISK MANAGEMENT,2021,10.1016/j.crm.2021.100281,WoS,1,
Thermomechanical Behavior of Brake Drums Under Extreme Braking Conditions,"Khatir, T",CMC-COMPUTERS MATERIALS & CONTINUA,2022,10.32604/cmc.2022.020879,WoS,1,
Heat generation problem in the eddy current brake: a mini-review,"Putra, MRA",COGENT ENGINEERING,2024,10.1080/23311916.2024.2340270,WoS,1,
Palau's warmest reefs harbor thermally tolerant corals that thrive across different habitats,"Rivera, HE",COMMUNICATIONS BIOLOGY,2022,10.1038/s42003-022-04315-7,WoS,1,
WEAR CHARACTERISTICS OF 3D PRINTED PLASTIC GEAR WITH DIFFERENT INFILL PERCENTAGES,"Nafiz, D",COMPOSITES-MECHANICS COMPUTATIONS APPLICATIONS,2023,,WoS,1,
The Effect of Hematocrit and Nanoparticles Diameter on Hemodynamic Parameters and Drug Delivery in Abdominal Aortic Aneurysm with Consideration of Blood Pulsatile Flow,"Jafarzadeh, S",COMPUTER METHODS AND PROGRAMS IN BIOMEDICINE,2020,10.1016/j.cmpb.2020.105545,WoS,1,
Lattice-Boltzmann hydrodynamics of single-square-grid generated turbulence - a partial entropic stabilisation approach,"Yeoh, CV",COMPUTERS & MATHEMATICS WITH APPLICATIONS,2020,10.1016/j.camwa.2020.06.013,WoS,1,
Conserving threatened species during rapid environmental change: using biological responses to inform management strategies of giant clams,"Watson, SA",CONSERVATION PHYSIOLOGY,2021,10.1093/conphys/coab082,WoS,1,
Experimental study to differentiate mechanical behaviours of TMCP and QT high strength steel at elevated temperatures,"Xiong, MX",CONSTRUCTION AND BUILDING MATERIALS,2020,10.1016/j.conbuildmat.2020.118105,WoS,1,
Optical Feedback Loop Involving Dinoflagellate Symbiont and Scleractinian Host Drives Colorful Coral Bleaching,"Bollati, E",CURRENT BIOLOGY,2020,10.1016/j.cub.2020.04.055,WoS,1,
"Establishing intensifying chronic exposure to extreme heat as a slow onset event with implications for health, wellbeing, productivity, society and economy","Oppermann, E",CURRENT OPINION IN ENVIRONMENTAL SUSTAINABILITY,2021,10.1016/j.cosust.2021.04.006,WoS,1,
Natural variability in seawater temperature compromises the metabolic performance of a reef-forming cold-water coral with implications for vulnerability to ongoing global change,Gómez C.E.; Gori A.; Weinnig A.M.; Hallaj A.; Chung H.J.; Cordes E.E.,Coral Reefs,2022,10.1007/s00338-022-02267-2,Scopus,1,
An Explainable Deep Learning Model to Prediction Dental Caries Using Panoramic Radiograph Images,"Oztekin, F",DIAGNOSTICS,2023,10.3390/diagnostics13020226,WoS,1,
A Review of How Building Mitigates the Urban Heat Island in Indonesia and Tropical Cities,"Sari, DP",EARTH,2021,10.3390/earth2030038,WoS,1,
Quantifying the mitigation of temperature extremes by forests and wetlands in a temperate landscape,"Gohr, C",ECOLOGICAL INFORMATICS,2021,10.1016/j.ecoinf.2021.101442,WoS,1,
Scientists' warning on climate change and insects,"Harvey, JA",ECOLOGICAL MONOGRAPHS,2023,10.1002/ecm.1553,WoS,1,
Climate Change and Surface Urban Heat Islands in Jakarta: Analysis of Landsat Data and Ground Observations,"Lathiifunnisa, R",EIGHTH GEOINFORMATION SCIENCE SYMPOSIUM 2023: GEOINFORMATION SCIENCE FOR,2024,10.1117/12.3009649,WoS,1,
Electrochemical behavior of alloy 22 processed by laser powder bed fusion (L-PBF) in simulated seawater and acidic aqueous environments,"Coldsnow, K",ELECTROCHIMICA ACTA,2022,10.1016/j.electacta.2022.140519,WoS,1,
Double-Target Based Neural Networks in Predicting Energy Consumption in Residential Buildings,"Moayedi, H",ENERGIES,2021,10.3390/en14051331,WoS,1,
Accelerating net zero from the perspective of optimizing a carbon capture and utilization system,"Hao, ZM",ENERGY & ENVIRONMENTAL SCIENCE,2022,10.1039/d1ee03923g,WoS,1,
On the potential of building adaptation measures to counterbalance the impact of climatic change in the tropics,"Haddad, S",ENERGY AND BUILDINGS,2020,10.1016/j.enbuild.2020.110494,WoS,1,
Urban heat mitigation through improved building energy efficiency,"Baniassadi, A",ENERGY AND CLIMATE CHANGE,2022,10.1016/j.egycc.2022.100078,WoS,1,
Assessing systemic risk and connectedness among dirty and clean energy markets from the quantile and expectile perspectives,"Syuhada, K",ENERGY ECONOMICS,2024,10.1016/j.eneco.2023.107261,WoS,1,
Toward estimating standard enthalpy of combustion of pure chemical compounds: extreme learning machine approach,"Setiawan, R",ENERGY SOURCES PART A-RECOVERY UTILIZATION AND ENVIRONMENTAL EFFECTS,2021,10.1080/15567036.2021.1917730,WoS,1,
Simulation of steel-concrete composite floor system behavior at elevated temperatures via multi-hybrid metaheuristic framework,"Morasaei, A",ENGINEERING WITH COMPUTERS,2022,10.1007/s00366-020-01228-z,WoS,1,
Analyzing the energy performance of buildings by neuro-fuzzy logic based on different factors,"Cao, Y",ENVIRONMENT DEVELOPMENT AND SUSTAINABILITY,2021,10.1007/s10668-021-01382-4,WoS,1,
The Different Effects of Climate Extremes on Physiological Health Among Agroecology and Conventional Smallholder Rice Farmers,"How, V",ENVIRONMENTAL JUSTICE,2020,10.1089/env.2020.0001,WoS,1,
"Integrating multi-platform assembly to recover MAGs from hot spring biofilms: insights into microbial diversity, biofilm formation, and carbohydrate degradation","Liew, KJ",ENVIRONMENTAL MICROBIOME,2024,10.1186/s40793-024-00572-7,WoS,1,
"Assessment of spatiotemporal variability of ultraviolet index (UVI) over Kerala, India, using satellite remote sensing (OMI/AURA) data","Valappil, NKM",ENVIRONMENTAL MONITORING AND ASSESSMENT,2024,10.1007/s10661-023-12239-w,WoS,1,
Urban household water usage in adaptation to climate change: Evidence from China,"Qin, P",ENVIRONMENTAL SCIENCE & POLICY,2022,10.1016/j.envsci.2022.07.019,WoS,1,
Effects of Coexposure to Air Pollution from Vegetation Fires and Extreme Heat on Mortality in Upper Northern Thailand,"Uttajug, A",ENVIRONMENTAL SCIENCE & TECHNOLOGY,2024,10.1021/acs.est.3c08074,WoS,1,
Artificial light pollution increases the sensitivity of tropical zooplankton to extreme warming,"Nguyen, TT",ENVIRONMENTAL TECHNOLOGY & INNOVATION,2020,10.1016/j.eti.2020.101179,WoS,1,
"Direct and delayed synergistic effects of extreme temperature, metals and food limitation on tropical reef-associated fish juveniles","Le, MH",ESTUARINE COASTAL AND SHELF SCIENCE,2022,10.1016/j.ecss.2022.108108,WoS,1,
Phenotypic but no genetic adaptation in zooplankton 24 years after an abrupt +10°C climate change,"Pais-Costa, AJ",EVOLUTION LETTERS,2022,10.1002/evl3.280,WoS,1,
Heatwaves in Southeast Asia and Their Changes in a Warmer World,Dong Z.; Wang L.; Sun Y.; Hu T.; Limsakul A.; Singhruck P.; Pimonsree S.,Earth's Future,2021,10.1029/2021EF001992,Scopus,1,
Projections and patterns of heat-related mortality impacts from climate change in Southeast Asia,Amnuaylojaroen T.; Parasin N.; Limsakul A.,Environmental Research Communications,2024,10.1088/2515-7620/ad3128,Scopus,1,
Impacts of and adaptation to climate change on the oil palm in Malaysia: a systematic review,Abubakar A.; Ishak M.Y.; Makmom A.A.,Environmental Science and Pollution Research,2021,10.1007/s11356-021-15890-3,Scopus,1,
Impact of extreme weather events on mental health in South and Southeast Asia: A,Islam MA,Environmental research,2024,10.1016/j.envres.2024.118436,PubMed,1,
Impacts of and adaptation to climate change on the oil palm in Malaysia: a,Makmom AA,Environmental science and pollution research international,2021,10.1007/s11356-021-15890-3,PubMed,1,
Effects of climate-related risks and extreme events on health outcomes and health utilization of primary care in rural and remote areas: a scoping review,"Dewi, SP",FAMILY PRACTICE,2023,10.1093/fampra/cmac151,WoS,1,
Histopathology and oxidative stress responses of Nile tilapia <i>Oreochromis niloticus</i> exposed to temperature shocks,"Phrompanya, P",FISHERIES SCIENCE,2021,10.1007/s12562-021-01511-y,WoS,1,
"Short targeting multiplex PCR assay to detect and discriminate beef, buffalo, chicken, duck, goat, sheep and pork DNA in food products","Uddin, SMK",FOOD ADDITIVES AND CONTAMINANTS PART A-CHEMISTRY ANALYSIS CONTROL,2021,10.1080/19440049.2021.1925748,WoS,1,
"Effects of dairy processing on phospholipidome, in-vitro digestion and Caco-2 cellular uptake of bovine milk","Mou, BL",FOOD CHEMISTRY,2021,10.1016/j.foodchem.2021.130426,WoS,1,
Accelerating Urban Heating Under Land-Cover and Climate Change Scenarios in Indonesia: Application of the Universal Thermal Climate Index,"Setiawati, MD",FRONTIERS IN BUILT ENVIRONMENT,2021,10.3389/fbuil.2021.622382,WoS,1,
At-home blood collection and stabilization in high temperature climates using <i>home</i>RNA,"Brown, LG",FRONTIERS IN DIGITAL HEALTH,2022,10.3389/fdgth.2022.903153,WoS,1,
Implications of climate change on surface temperature in North Indian states: evidence from CMIP6 model ensembles,"Awasthi, A",FRONTIERS IN ENVIRONMENTAL SCIENCE,2023,10.3389/fenvs.2023.1264757,WoS,1,
Living in a hot city: thermal justice through green open space provision,"Ufaira, R",FRONTIERS IN HUMAN DYNAMICS,2023,10.3389/fhumd.2023.1237515,WoS,1,
"24-h movement behaviour, thermal perception, thirst, and heat management strategies of children and adults during heat alerts: a pilot study","Ravanelli, N",FRONTIERS IN PHYSIOLOGY,2023,10.3389/fphys.2023.1179844,WoS,1,
Genetic and Molecular Mechanisms Conferring Heat Stress Tolerance in Tomato Plants,"Hoshikawa, K",FRONTIERS IN PLANT SCIENCE,2021,10.3389/fpls.2021.786688,WoS,1,
Widening the lens of population-based health research to climate change impacts and adaptation: the climate change and health evaluation and response system (CHEERS),"Barteit, S",FRONTIERS IN PUBLIC HEALTH,2023,10.3389/fpubh.2023.1153559,WoS,1,
"Thermal manipulation modifies embryonic growth, hepatic free amino acid concentrations, and hatching performance in layer-type chicks","Han, GF",FRONTIERS IN VETERINARY SCIENCE,2022,10.3389/fvets.2022.1049910,WoS,1,
Insights into morphological and physio-biochemical adaptive responses in mungbean,Gayacharan,Frontiers in genetics,2023,10.3389/fgene.2023.1206451,PubMed,1,
Evaluating metabolic and genomic data for predicting grain traits under high night temperature stress in rice,"Bi, Y",G3-GENES GENOMES GENETICS,2023,10.1093/g3journal/jkad052,WoS,1,
Preparation of Styrene-Butadiene Rubber (SBR) Composite Incorporated with Collagen-Functionalized Graphene Oxide for Green Tire Application,"Khan, A",GELS,2022,10.3390/gels8030161,WoS,1,
PHYSICAL DRIVERS OF THE 2013 MARINE HEATWAVE IN THE SEAS OF THE SOUTHERN JAVA-NUSA TENGGARA,"Maulida, T",GEOGRAPHIA TECHNICA,2022,10.21163/GT_2022.171.10,WoS,1,
MAPPING AND DETECTION OF HOTSPOT SOURCES FROM INDUSTRIAL AREA HEAT (IAH) USING AERIAL AND SATELLITE-BASED TIR DATA IN PASIR GUDANG,"Zakari, MD","GEOINFORMATION WEEK 2022, VOL. 48-4",2023,10.5194/isprs-archives-XLVIII-4-W6-2022-415-2023,WoS,1,
Cooling as social practice: Heat mitigation and the making of communal space in Jakarta's informal settlements,"Salsabila, S",HABITAT INTERNATIONAL,2023,10.1016/j.habitatint.2023.102924,WoS,1,
The impact of cold waves and heat waves on mortality: Evidence from a lower middle-income country,"Nguyen, CV",HEALTH ECONOMICS,2023,10.1002/hec.4663,WoS,1,
Quantitative typological analysis applied to the morphology of export mugs and their social factors in the Ming and Qing dynasties from the perspective of East-West trade,"Ao, JH",HERITAGE SCIENCE,2024,10.1186/s40494-024-01237-x,WoS,1,
"Wildfires, haze, and climate change",Ooi M.C.G.; Chan A.; Latif M.T.; Lin N.-H.; Li L.,Handbook of Energy and Environmental Security,2022,10.1016/B978-0-12-824084-7.00013-8,Scopus,1,
"Effects of temperature and hypoxia on respiration, photorespiration, and photosynthesis of seagrass leaves from contrasting temperature regimes","Rasmusson, LM",ICES JOURNAL OF MARINE SCIENCE,2020,10.1093/icesjms/fsaa093,WoS,1,
Spatio-temporal Distribution of Heat Index and Land Cover Change in Tropical Cities of Southeast Asia,Nucifera F.; Riasasi W.; Ichii K.,"ICOIACT 2022 - 5th International Conference on Information and Communications Technology: A New Way to Make AI Useful for Everyone in the New Normal Era, Proceeding",2022,10.1109/ICOIACT55506.2022.9972123,Scopus,1,
HaptiTemp: A Next-Generation Thermosensitive GelSight-Like Visuotactile Sensor,"Abad, AC",IEEE SENSORS JOURNAL,2022,10.1109/JSEN.2021.3135941,WoS,1,
NMPC-Based Integrated Thermal Management of Battery and Cabin for Electric Vehicles in Cold Weather Conditions,"Hajidavalloo, MR",IEEE TRANSACTIONS ON INTELLIGENT VEHICLES,2023,10.1109/TIV.2023.3275952,WoS,1,
Tri-Level Multi-Energy System Planning Method for Zero Energy Buildings Considering Long- and Short-Term Uncertainties,"Sun, QR",IEEE TRANSACTIONS ON SUSTAINABLE ENERGY,2023,10.1109/TSTE.2022.3212168,WoS,1,
A review of heat stress signaling in plants,Firmansyah,INTERNATIONAL CONFERENCE ON SUSTAINABLE CEREALS AND CROPS PRODUCTION,2020,10.1088/1755-1315/484/1/012041,WoS,1,
"Land, jet stream, and other atmospheric effects on burned area estimation during the South Asian heatwave of 2022","Irawan, AM",INTERNATIONAL JOURNAL OF APPLIED EARTH OBSERVATION AND GEOINFORMATION,2024,10.1016/j.jag.2024.103720,WoS,1,
The effects of heat exposure on tropical farm workers in Malaysia: six-month physiological health monitoring,"How, V",INTERNATIONAL JOURNAL OF ENVIRONMENTAL HEALTH RESEARCH,2023,10.1080/09603123.2022.2033706,WoS,1,
Use of Stone Columns for Quick Drainage and Temperature Reduction in Porous Pavement,"Liu, JW",INTERNATIONAL JOURNAL OF GEOMECHANICS,2023,10.1061/(ASCE)GM.1943-5622.0002561,WoS,1,
"Climate change, women's health, and the role of obstetricians and gynecologists in leadership","Giudice, LC",INTERNATIONAL JOURNAL OF GYNECOLOGY & OBSTETRICS,2021,10.1002/ijgo.13958,WoS,1,
Numerical investigation of heat transfer characteristics of Pin-Fins with C-Shaped-Recessed endwall in gas turbine blades internal cooling channel,"Pham, TC",INTERNATIONAL JOURNAL OF HEAT AND FLUID FLOW,2024,10.1016/j.ijheatfluidflow.2024.109309,WoS,1,
Thermal study of polymerase chain reaction with capillary tubes,"Abid, HA",INTERNATIONAL JOURNAL OF HEAT AND MASS TRANSFER,2021,10.1016/j.ijheatmasstransfer.2021.121508,WoS,1,
A Decentralized Data Logger System for Water Related Disaster with Wireless Mesh Topology,"Floretes, NAP",INTERNATIONAL JOURNAL OF INTEGRATED ENGINEERING,2020,,WoS,1,
Regulation of Plant Responses to Temperature Stress: A Key Factor in Food Security and for Mitigating Effects of Climate Change,"Lee, Z",INTERNATIONAL JOURNAL OF PLANT PRODUCTION,2024,10.1007/s42106-024-00282-7,WoS,1,
Conceptualizing Spatial Heterogeneity of Urban Composition Impacts on Precipitation Within Tropics,"Zakaria, NH",INTERNATIONAL JOURNAL OF SUSTAINABLE CONSTRUCTION ENGINEERING AND,2023,10.30880/ijscet.2023.14.05.011,WoS,1,
Convective heat transfer enhancement of ionic wind under variable air pressures,"Lee, JR",INTERNATIONAL JOURNAL OF THERMAL SCIENCES,2021,10.1016/j.ijthermalsci.2020.106657,WoS,1,
Non-uniform Slab Heating Pattern in a Preheating Furnace to Reduce Fuel Consumption: Burners' Load Distribution Effects Through Semitransparent Medium via Discreet Ordinates' Thermal Radiation and k-ε Turbulent Model,"Ajili, SH",INTERNATIONAL JOURNAL OF THERMOPHYSICS,2020,10.1007/s10765-020-02701-z,WoS,1,
"Urban heat mitigation by green and blue infrastructure: Drivers, effectiveness,",Jones L,Innovation (Cambridge (Mass.)),2024,10.1016/j.xinn.2024.100588,PubMed,1,
The Impact of Heat Waves on Health Care Services in Low- or Middle-Income Countries: Protocol for a Systematic Review,"Sapari, H",JMIR RESEARCH PROTOCOLS,2023,10.2196/44702,WoS,1,
Genomes of the cosmopolitan fruit pest Bactrocera dorsalis (Diptera: Tephritidae) reveal its global invasion history and thermal adaptation,"Zhang, Y",JOURNAL OF ADVANCED RESEARCH,2023,10.1016/j.jare.2022.12.012,WoS,1,
Machine Learning of Key Variables Impacting Extreme Precipitation in Various Regions of the Contiguous United States,"Lin, XM",JOURNAL OF ADVANCES IN MODELING EARTH SYSTEMS,2023,10.1029/2022MS003334,WoS,1,
Modelling climate change impacts on wet and dry season rice in Cambodia,"Alvar-Beltrán, J",JOURNAL OF AGRONOMY AND CROP SCIENCE,2022,10.1111/jac.12617,WoS,1,
Forecasting heating and cooling loads of buildings: a comparative performance analysis,"Roy, SS",JOURNAL OF AMBIENT INTELLIGENCE AND HUMANIZED COMPUTING,2020,10.1007/s12652-019-01317-y,WoS,1,
Physiological adaptability of pregnant doe Kacang goats in a dry-land-area of Indonesia,"Beyleto, VY",JOURNAL OF ANIMAL BEHAVIOUR AND BIOMETEOROLOGY,2022,10.31893/jabb.22023,WoS,1,
Parametric Analysis Of Heat-Affected Zone (HAZ) Characteristics And Taper Angle During Machining Of Alumina Ceramic Using CO2 Laser,"Umroh, B",JOURNAL OF APPLIED SCIENCE AND ENGINEERING,2023,10.6180/jase.202404_27(04).0012,WoS,1,
Organ Histopathology and Hematological Changes Associated With Heat Exposure in Australian Desert Birds,"Xie, SZ",JOURNAL OF AVIAN MEDICINE AND SURGERY,2020,10.1647/1082-6742-34.1.41,WoS,1,
Assessing the growing threat of heat stress in the North Africa and Arabian Peninsula region connected to climate change,"Hamed, MM",JOURNAL OF CLEANER PRODUCTION,2024,10.1016/j.jclepro.2024.141639,WoS,1,
Decadal Background for Active Extreme Drought Episodes in the Decade of 2010-19 over Southeastern Mainland Asia,"Wang, L",JOURNAL OF CLIMATE,2022,10.1175/JCLI-D-21-0561.1,WoS,1,
Changes in genetic parameters for milk yield and heat tolerance in the Thai Holstein crossbred dairy population under different heat stress levels and over time,"Sungkhapreecha, P",JOURNAL OF DAIRY SCIENCE,2021,10.3168/jds.2021-20151,WoS,1,
"High temperature frequently increases facilitation between aquatic foundation species: A global meta-analysis of interaction experiments between angiosperms, seaweeds and bivalves","Clemente, KJE",JOURNAL OF ECOLOGY,2023,10.1111/1365-2745.14101,WoS,1,
Techno-economic design of battery thermal management systems in different climates,"Teichert, O",JOURNAL OF ENERGY STORAGE,2022,10.1016/j.est.2021.103832,WoS,1,
Crystallite Size on Micromechanical Characteristics of WO<sub>3</sub> Microparticles,"Nandiyanto, ABD",JOURNAL OF ENGINEERING RESEARCH,2021,10.36909/jer.v9i3A.7170,WoS,1,
Managing risk and reaping rewards: Climate-change futures as a game-changer for energy futures markets,"Hoque, ME",JOURNAL OF FUTURES MARKETS,2024,10.1002/fut.22513,WoS,1,
Evaluating the effects of heatwave events on hydrological processes in the contiguous United States (2003-2022),"Hao, YF",JOURNAL OF HYDROLOGY,2024,10.1016/j.jhydrol.2024.131368,WoS,1,
Quantification of heat energy leading to failure of 18650 lithium-ion battery abused by external heating,"Chombo, PV",JOURNAL OF LOSS PREVENTION IN THE PROCESS INDUSTRIES,2022,10.1016/j.jlp.2022.104855,WoS,1,
Residual stress simulation for bimetallic sleeve roll constructed by shrink-fitting in comparison with bimetallic solid roll,"Aridi, MR",JOURNAL OF MANUFACTURING PROCESSES,2023,10.1016/j.jmapro.2023.09.068,WoS,1,
Multi-criteria optimization of geopolymer foam composition,"Le, VS",JOURNAL OF MATERIALS RESEARCH AND TECHNOLOGY-JMR&T,2023,10.1016/j.jmrt.2023.09.199,WoS,1,
Analysis of Granite Failure Modes and Energy Conversion under Uniaxial Compression at Various Temperatures,"Shah, KS",JOURNAL OF MINING AND ENVIRONMENT,2023,10.22044/jme.2023.12870.2336,WoS,1,
Automatic Identification of the Stress Sources of Protein Aggregates Using Flow Imaging Microscopy Images,"Gambe-Gilbuena, A",JOURNAL OF PHARMACEUTICAL SCIENCES,2020,10.1016/j.xphs.2019.10.034,WoS,1,
Persistence of seaweed forests in the anthropocene will depend on warming and marine heatwave profiles,"Straub, SC",JOURNAL OF PHYCOLOGY,2022,10.1111/jpy.13222,WoS,1,
First-principles study on the specific heat jump in the glass transition of silica glass and the Prigogine-Defay ratio,"Shirai, K",JOURNAL OF PHYSICS-CONDENSED MATTER,2023,10.1088/1361-648X/acf6ec,WoS,1,
Nature-inspired design for high-efficiency solar-driven water evaporation,"Dao, VD",JOURNAL OF POWER SOURCES,2024,10.1016/j.jpowsour.2024.234676,WoS,1,
The urban crime and heat gradient in high and low poverty areas,"Heilmann, K",JOURNAL OF PUBLIC ECONOMICS,2021,10.1016/j.jpubeco.2021.104408,WoS,1,
Relationship of heat stress with acute kidney disease and chronic kidney disease: A literature review,"Alayyannur, PA",JOURNAL OF PUBLIC HEALTH RESEARCH,2022,10.1177/22799036221104149,WoS,1,
Biomarkers for warfighter safety and performance in hot and cold environments,"Lee, JKW",JOURNAL OF SCIENCE AND MEDICINE IN SPORT,2023,10.1016/j.jsams.2022.12.006,WoS,1,
Eco-anxiety: A Q method analysis towards eco-anxiety attitudes in the United Arab Emirates,"Takshe, AA",JOURNAL OF SOCIAL WORK PRACTICE,2023,10.1080/02650533.2022.2137120,WoS,1,
Study of I-Shape Steel Beams Subjected to Combined Fire and Impact Loading and Failure Assessment Method,"Guo, YX",JOURNAL OF STRUCTURAL ENGINEERING,2024,10.1061/JSENDH.STENG-12855,WoS,1,
Sonication impact on thermal conductivity of f-MWCNT nanofluids using XGBoost and Gaussian process regression,"Said, Z",JOURNAL OF THE TAIWAN INSTITUTE OF CHEMICAL ENGINEERS,2023,10.1016/j.jtice.2023.104818,WoS,1,
Comparative evaluation on the thermal properties and stability of MWCNT nanofluid with conventional surfactants and ionic liquid,"Bakthavatchalam, B",JOURNAL OF THERMAL ANALYSIS AND CALORIMETRY,2022,10.1007/s10973-020-10374-x,WoS,1,
Optimizing future mortality rate prediction of extreme temperature-related cardiovascular disease based on skewed distribution in peninsular Malaysia,"Esa, AIM",JOURNAL OF WATER AND CLIMATE CHANGE,2022,10.2166/wcc.2022.215,WoS,1,
Early planting and relay cropping: Pathways to cope with heat and drought?,Khongdee N.; Hilger T.; Pansak W.; Cadisch G.,Journal of Agriculture and Rural Development in the Tropics and Subtropics,2021,10.17170/kobra-202104133652,Scopus,1,
Trends and patterns of SST and associated frontal frequency in the Vietnamese upwelling center,Le P.T.D.; Fischer A.M.,Journal of Marine Systems,2021,10.1016/j.jmarsys.2021.103600,Scopus,1,
"Small vegetated patches greatly reduce urban surface temperature during a summer heatwave in Adelaide, Australia","Ossola, A",LANDSCAPE AND URBAN PLANNING,2021,10.1016/j.landurbplan.2021.104046,WoS,1,
EFFECT OF CORRUGATED PIPE ON LAMINAR CONVECTIVE HEAT TRANSFER BY USING SWCNT NANOFLUID: A NUMERICAL STUDY,"Rabby, MII",LATIN AMERICAN APPLIED RESEARCH,2022,10.52292/j.laar.2022.832,WoS,1,
Sterilization of coconut milk in flexible packages via ohmic-assisted thermal sterilizer,"Tiravibulsin, C",LWT-FOOD SCIENCE AND TECHNOLOGY,2021,10.1016/j.lwt.2021.111552,WoS,1,
Mixed-layer Heat Budget in Western and Eastern Tropical Pacific Ocean during El Nino Event in 2015/2016,"Kusuma, WA",MAKARA JOURNAL OF SCIENCE,2020,10.7454/mss.v24i1.11724,WoS,1,
Effect of Bee Bread on Pregnancy Outcomes and Reproductive System of Rats under Heat Stress Exposure,"Nor, NANM",MALAYSIAN JOURNAL OF FUNDAMENTAL AND APPLIED SCIENCES,2021,,WoS,1,
"Blooms of the dragon thimble jellyfish, <i>Linuche draco</i>, sometimes co-occur with marine heatwaves","Capidos, CGG",MARINE BIODIVERSITY,2024,10.1007/s12526-024-01431-x,WoS,1,
Bleaching reduces reproduction in the giant clam Tridacna gigas,"Sayco, SLG",MARINE ECOLOGY PROGRESS SERIES,2023,10.3354/meps14251,WoS,1,
"Toward better understanding of anharmonic structural, thermodynamic, and elastic properties of CaSiO 3 perovskite under extreme conditions via statistical moment method","Hoc, NQ",MATERIALIA,2024,10.1016/j.mtla.2024.102105,WoS,1,
Investigation of dielectric properties and methylene intactness under multiple environmental stresses for high voltage epoxy composites,"Khattak, A",MATERIALS RESEARCH EXPRESS,2020,10.1088/2053-1591/aba060,WoS,1,
"New alloy development from modified cast Ni-base superalloy GTD-111 with additions of Al, Ni and/or Co prepared by vacuum arc melting process","Kiatwisarnkij, N",MATERIALS TESTING,2020,10.3139/120.111531,WoS,1,
Electrospun nanomembranes at the liquid-liquid and solid-liquid interface- a review,"Osali, S",MATERIALS TODAY,2023,10.1016/j.mattod.2023.05.005,WoS,1,
The flyash addition on Al 5xxx series alloys prepared by die cast and examine its surface by radiographic method,"Pasupulla, AP",MATERIALS TODAY-PROCEEDINGS,2022,10.1016/j.matpr.2021.11.486,WoS,1,
Abrasivity measurement of brittle rock after thermal treatment,"Wang, L",MEASUREMENT,2023,10.1016/j.measurement.2023.112710,WoS,1,
Investigating the biochemical effects of heat stress and sample quenching approach on the metabolic profiling of abalone (<i>Haliotis iris</i>),"Nguyen, TV",METABOLOMICS,2022,10.1007/s11306-021-01862-8,WoS,1,
Behaviour broadens thermal safety margins on artificial coastal defences in the tropics,Chan S.H.M.; Ong D.R.Y.; Williams G.A.; Crickenberger S.; Loke L.H.L.; Todd P.A.,Marine Environmental Research,2022,10.1016/j.marenvres.2022.105618,Scopus,1,
Multi-weather full-body triboelectric garments for personalized moisture management and water energy acquisition,"Kang, T",NANO ENERGY,2023,10.1016/j.nanoen.2023.108359,WoS,1,
Multifunctional SiC@SiO<sub>2</sub> Nanofiber Aerogel with Ultrabroadband Electromagnetic Wave Absorption,"Song, LM",NANO-MICRO LETTERS,2022,10.1007/s40820-022-00905-6,WoS,1,
"Evolution of double vortices induce tropical cyclogenesis of Seroja over Flores, Indonesia","Yulihastin, E",NATURAL HAZARDS,2023,10.1007/s11069-023-05961-8,WoS,1,
"Sensitivity of simulating Typhoon Haiyan (2013) using WRF: the role of cumulus convection, surface flux parameterizations, spectral nudging, and initial and boundary conditions","Delfino, RJ",NATURAL HAZARDS AND EARTH SYSTEM SCIENCES,2022,10.5194/nhess-22-3285-2022,WoS,1,
Greenery as a mitigation and adaptation strategy to urban heat,"Wong, NH",NATURE REVIEWS EARTH & ENVIRONMENT,2021,10.1038/s43017-020-00129-5,WoS,1,
Temperature-mediated shifts in chlorophyll biosynthesis in leaves of chlorophyll b-lacking rice<i> (Oryza</i><i> sativa</i> L.),"Nguyen, KM",NOTULAE BOTANICAE HORTI AGROBOTANICI CLUJ-NAPOCA,2021,10.15835/nbha49212306,WoS,1,
Diagnosing delivery capabilities on a large international nature-based solutions project,"Croeser, T",NPJ URBAN SUSTAINABILITY,2021,10.1038/s42949-021-00036-8,WoS,1,
Impact of different sea surface roughness on surface gravity waves using a coupled atmosphere-wave model: a case of Hurricane Isaac (2012),"Kumar, RR",OCEAN DYNAMICS,2020,10.1007/s10236-019-01327-6,WoS,1,
Effect of Acute Seawater Temperature Increase on the Survival of a Fish Ectoparasite,"Shodipo, MO",OCEANS-SWITZERLAND,2020,10.3390/oceans1040016,WoS,1,
An extreme learning machine for predicting kerf waviness and heat affected zone in pulsed laser cutting of thin non-oriented silicon steel,"Nguyen, TH",OPTICS AND LASERS IN ENGINEERING,2020,10.1016/j.optlaseng.2020.106244,WoS,1,
A unified stochastic framework with memory for heat index and sea level dynamics,"Despi, LRG",PALAWAN SCIENTIST,2023,,WoS,1,
Children With Cardiac Disease and Heat Exposure: Catastrophic Converging Consequences?,"Souilla, L",PEDIATRIC EXERCISE SCIENCE,2024,10.1123/pes.2023-0086,WoS,1,
"Mass mortality event of the giant barrel sponge Xestospongia sp.: population dynamics and size distribution in Koh Phangan, Gulf of Thailand","Mueller, JS",PEERJ,2023,10.7717/peerj.16561,WoS,1,
Effects of Medications on Heat Loss Capacity in Chronic Disease Patients: Health Implications Amidst Global Warming,"Wee, J",PHARMACOLOGICAL REVIEWS,2023,10.1124/pharmrev.122.000782,WoS,1,
Daytime radiative cooling under a cloudy sky in tropical climate near the equator,"Hwang, J",PHOTONIC HEAT ENGINES:SCIENCE AND APPLICATIONS VI,2024,10.1117/12.3005407,WoS,1,
Toward better understanding of the high-pressure structural transformation in beryllium by the statistical moment method,"Cuong, TD",PHYSICAL CHEMISTRY CHEMICAL PHYSICS,2023,10.1039/d3cp00071k,WoS,1,
Investigation of thermal performance and chemical stability of graphene enhanced phase change material for thermal energy storage,"Kumar, RR",PHYSICS AND CHEMISTRY OF THE EARTH,2022,10.1016/j.pce.2022.103250,WoS,1,
Numerical investigation of the flows and heat transfer characteristics of internal cooling channels with separated ribs in gas turbine blades,"Nguyen, V",PHYSICS OF FLUIDS,2024,10.1063/5.0183192,WoS,1,
Coping with inclement weather conditions due to high temperature and water deficit in rice: An insight from genetic and biochemical perspectives,"Rabara, RC",PHYSIOLOGIA PLANTARUM,2021,10.1111/ppl.13272,WoS,1,
"Co-occurrence of a marine heatwave and a reported tomato jellyfish<i> (Crambione</i><i> mastigophora</i> Maas, 1903) bloom in March 2020 at El Nido, Palawan, Philippines","Quilestino-Olario, R",PLANKTON & BENTHOS RESEARCH,2023,10.3800/pbr.18.93,WoS,1,
Correlations between photosynthetic heat tolerance and leaf anatomy and climatic niche in Asian mangrove trees,"Li, X",PLANT BIOLOGY,2022,10.1111/plb.13460,WoS,1,
Divergent phenotypic response of rice accessions to transient heat stress during early seed development,"Paul, P",PLANT DIRECT,2020,10.1002/pld3.196,WoS,1,
Silicon-mediated heat tolerance in higher plants: A mechanistic outlook,"Saha, G",PLANT PHYSIOLOGY AND BIOCHEMISTRY,2021,10.1016/j.plaphy.2021.05.051,WoS,1,
Physiological and Proteomic Responses of Cassava to Short-Term Extreme Cool and Hot Temperature,"Santanoo, S",PLANTS-BASEL,2022,10.3390/plants11172307,WoS,1,
"Heatwaves and dengue outbreaks in Hanoi, Vietnam: New evidence on early warning","Cheng, J",PLOS NEGLECTED TROPICAL DISEASES,2020,10.1371/journal.pntd.0007997,WoS,1,
Heating temperatures affect meat quality and vibrational spectroscopic properties of slow- and fast-growing chickens,"Katemala, S",POULTRY SCIENCE,2023,10.1016/j.psj.2023.102754,WoS,1,
Boiling flow of graphene nanoplatelets nano-suspension on a small copper disk,"Goodarzi, M",POWDER TECHNOLOGY,2021,10.1016/j.powtec.2020.08.083,WoS,1,
"Characteristics of Prehospital Heat Illness Cases During the Annual Heat Wave Period in Telangana, India","Nadarajan, GD",PREHOSPITAL AND DISASTER MEDICINE,2021,10.1017/S1049023X21000583,WoS,1,
Heat-related illness in Singapore: Descriptive analysis of a tertiary care center from 2008 to 2020,"Okada, Y",PROCEEDINGS OF SINGAPORE HEALTHCARE,2024,10.1177/20101058241232182,WoS,1,
Spatial effect of a vertical multi-faceted rib on thermal performance and flow characteristics in a square channel,"Fithry, MA",PROCEEDINGS OF THE INSTITUTION OF MECHANICAL ENGINEERS PART C-JOURNAL OF,2023,10.1177/09544062221126638,WoS,1,
Artificial Hummingbird-Based Optimisation with Advanced Crowding Distance of Energy Reduction in the Polyethylene Reactors,"Rohman, FS",PROCESS INTEGRATION AND OPTIMIZATION FOR SUSTAINABILITY,2024,10.1007/s41660-023-00369-0,WoS,1,
Applications of neutron computed tomography to thermal-hydraulics research,"Lohvithee, M",PROGRESS IN NUCLEAR ENERGY,2022,10.1016/j.pnucene.2022.104262,WoS,1,
Urban intensification of convective rainfall over the Singapore - Johor Bahru region,"Simón-Moral, A",QUARTERLY JOURNAL OF THE ROYAL METEOROLOGICAL SOCIETY,2021,10.1002/qj.4147,WoS,1,
"Effects of weather on the health of individuals: Comparative evidence from Cambodia, Laos, and Vietnam","Nguyen, CV",REGIONAL STATISTICS,2023,10.15196/RS130204,WoS,1,
Characteristics of Marine Heatwaves in the Philippines,"Edullantes, B",REGIONAL STUDIES IN MARINE SCIENCE,2023,10.1016/j.rsma.2023.102934,WoS,1,
The vulnerability and resilience of seagrass ecosystems to marine heatwaves in New Zealand: a remote sensing analysis of seascape metrics using PlanetScope imagery,"Clemente, KJE",REMOTE SENSING IN ECOLOGY AND CONSERVATION,2023,10.1002/rse2.343,WoS,1,
Thermal performance enhancement of cementitious composite containing polystyrene/n-octadecane microcapsules: An experimental and numerical study,"Xiong, T",RENEWABLE ENERGY,2021,10.1016/j.renene.2021.01.034,WoS,1,
Development of Graft Earthenware Ceramic Firing Stove Design from the Usage of Wasted Gas Fire and Heat from Tunnel Stove in Stoneware Ceramic Firing Process,Ponimin,RENEWABLE ENERGY AND ITS APPLICATIONS,2020,10.1063/5.0000893,WoS,1,
Advances in seawater membrane distillation (SWMD) towards stand-alone zero liquid discharge (ZLD) desalination,"Julian, H",REVIEWS IN CHEMICAL ENGINEERING,2022,10.1515/revce-2020-0073,WoS,1,
"Mathematical Modeling, Prediction and Research on Heat and Moisture Transfer of a Kind of Textile Materials","Cui, YM",SCIENCE OF ADVANCED MATERIALS,2023,10.1166/sam.2023.4430,WoS,1,
"Ambient thermal comfort analysis for four major cities in Thailand, Cambodia, and Laos: Variability, trend, factor attribution, and large-scale climatic influence","Chea, K",SCIENCEASIA,2021,10.2306/scienceasia1513-1874.2021.067,WoS,1,
Typical and extreme weather datasets for studying the resilience of buildings to climate change and heatwaves,"Machard, A",SCIENTIFIC DATA,2024,10.1038/s41597-024-03319-8,WoS,1,
Top-Down Estimation of Particulate Matter Emissions from Extreme Tropical Peatland Fires Using Geostationary Satellite Fire Radiative Power Observations,"Fisher, D",SENSORS,2020,10.3390/s20247075,WoS,1,
"Assessment of temperature extremes and climate change impacts in Singapore, 1982-2018","Jiang, RG",SINGAPORE JOURNAL OF TROPICAL GEOGRAPHY,2021,10.1111/sjtg.12384,WoS,1,
The interactive effect of temperature and fertilizer types determines the dominant microbes in nitrous oxide emissions and the dicyandiamide efficacy in a vegetable soil,"Xu, XY",SOIL ECOLOGY LETTERS,2024,10.1007/s42832-023-0213-3,WoS,1,
Green synthesized 3D coconut shell biochar/polyethylene glycol composite as thermal energy storage material,"Kalidasan, B",SUSTAINABLE ENERGY TECHNOLOGIES AND ASSESSMENTS,2023,10.1016/j.seta.2023.103505,WoS,1,
An integrated sustainability assessment of synergistic supply of energy and water in remote communities,"Aberilla, JM",SUSTAINABLE PRODUCTION AND CONSUMPTION,2020,10.1016/j.spc.2020.01.003,WoS,1,
A Review of Advanced Cooling Strategies for Battery Thermal Management Systems in Electric Vehicles,"Garud, KS",SYMMETRY-BASEL,2023,10.3390/sym15071322,WoS,1,
Changes in wet bulb globe temperature and risk to heat-related hazards in Bangladesh,Kamal A.S.M.M.; Fahim A.K.F.; Shahid S.,Scientific Reports,2024,10.1038/s41598-024-61138-8,Scopus,1,
The Future Extreme Temperature under RCP8.5 Reduces the Yields of Major Crops in Northern Peninsular of Southeast Asia,Amnuaylojaroen T.; Parasin N.,Scientific World Journal,2022,10.1155/2022/1410849,Scopus,1,
Marker-assisted pyramiding of QTLs for heat tolerance and escape upgrades heat resilience in rice (Oryza sativa L.),"Ye, CR",THEORETICAL AND APPLIED GENETICS,2022,10.1007/s00122-022-04035-w,WoS,1,
Design and performance simulation of a novel waste heat-driven liquid desiccant combined with transcritical CO2 refrigeration system for ocean-going vessels in typical shipping routes,"Wang, Z",THERMAL SCIENCE AND ENGINEERING PROGRESS,2023,10.1016/j.tsep.2022.101636,WoS,1,
Leaf thermotolerance of <i>Hevea brasiliensis</i> clones: intra- versus interclonal variation and relationships with other functional traits,"Hazir, MHM",TREE PHYSIOLOGY,2024,10.1093/treephys/tpae022,WoS,1,
Increased luteal tissues after secondary corpus luteum formation leads to enhanced progesterone concentrations and improved fertility in repeat-breeder dairy cows during heat stress condition in tropical climate,"Pirokad, W",TROPICAL ANIMAL HEALTH AND PRODUCTION,2022,10.1007/s11250-022-03295-4,WoS,1,
"Drill-Cored Artificial Rock Pools Can Promote Biodiversity and Enhance Community Structure on Coastal Rock Revetments at Reclaimed Coastlines of Penang, Malaysia","Chee, SY",TROPICAL CONSERVATION SCIENCE,2020,10.1177/1940082920951912,WoS,1,
"A review on behavior, material properties and finite element simulation of concrete tunnel linings under fire","Saleheen, Z",TUNNELLING AND UNDERGROUND SPACE TECHNOLOGY,2022,10.1016/j.tust.2022.104534,WoS,1,
Climate change and population health in Singapore: a systematic review.,Seow WJ,The Lancet regional health. Western Pacific,2023,10.1016/j.lanwpc.2023.100947,PubMed,1,
"London Plane trees <i>(Platanus</i> x <i>acerifolia)</i> before, during and after a heatwave: Losing leaves means less cooling benefit","Sanusi, R",URBAN FORESTRY & URBAN GREENING,2020,10.1016/j.ufug.2020.126746,WoS,1,
Modification of the statistical moment method for the high-pressure melting curve by the inclusion of thermal vacancies,"Cuong, TD",VACUUM,2020,10.1016/j.vacuum.2020.109444,WoS,1,
An Appropriate Genetic Approach for Improving Reproductive Traits in Crossbred Thai-Holstein Cattle under Heat Stress Conditions,"Fathoni, A",VETERINARY SCIENCES,2022,10.3390/vetsci9040163,WoS,1,
Variability of heatwaves across Vietnam in recent decades,"Ly, PT",VIETNAM JOURNAL OF EARTH SCIENCES,2023,10.15625/2615-9783/19057,WoS,1,
Towards pragmatism in climate risk analysis and adaptation,"Wilby, RL",WATER POLICY,2021,10.2166/wp.2021.232,WoS,1,
Biofouling and me: My Stockholm syndrome with biofilms,"Flemming, HC",WATER RESEARCH,2020,10.1016/j.watres.2020.115576,WoS,1,
Adapting to climate change through anticipatory action: The potential use of weather-based early warnings,"de Perez, EC",WEATHER AND CLIMATE EXTREMES,2022,10.1016/j.wace.2022.100508,WoS,1,
Analysis of Heat Generation on Unipolar Axial Eddy Current Brake Disc and Its Effect on Braking Performance,"Putra, MRA",WORLD ELECTRIC VEHICLE JOURNAL,2022,10.3390/wevj13100180,WoS,1,
,,,,,,,
,,,,,,,
,,,,,,,
,,,,,,,
,,,,,,,
,,,,,,,
,,,,,,,
,,,,,,,
,,,,,,,
,,,,,,,
,,,,,,,
,,,,,,,
,,,,,,,
,,,,,,,
,,,,,,,
,,,,,,,
,,,,,,,
,,,,,,,
,,,,,,,
,,,,,,,
,,,,,,,
,,,,,,,
,,,,,,,
,,,,,,,
,,,,,,,
,,,,,,,
,,,,,,,
,,,,,,,
,,,,,,,
,,,,,,,
,,,,,,,
,,,,,,,
,,,,,,,
,,,,,,,
,,,,,,,
,,,,,,,
,,,,,,,
,,,,,,,
,,,,,,,
,,,,,,,
,,,,,,,
,,,,,,,
,,,,,,,
,,,,,,,
,,,,,,,
,,,,,,,
,,,,,,,
,,,,,,,
,,,,,,,
,,,,,,,
,,,,,,,
,,,,,,,
,,,,,,,
,,,,,,,
,,,,,,,
,,,,,,,
,,,,,,,
,,,,,,,
,,,,,,,
,,,,,,,
,,,,,,,
,,,,,,,
,,,,,,,
,,,,,,,
,,,,,,,
,,,,,,,
,,,,,,,
,,,,,,,
,,,,,,,
,,,,,,,
,,,,,,,
,,,,,,,
,,,,,,,
,,,,,,,
,,,,,,,
,,,,,,,
,,,,,,,
,,,,,,,
,,,,,,,
,,,,,,,
,,,,,,,
,,,,,,,
,,,,,,,
,,,,,,,
,,,,,,,
,,,,,,,
,,,,,,,
,,,,,,,
,,,,,,,
,,,,,,,
,,,,,,,
,,,,,,,
,,,,,,,
,,,,,,,
,,,,,,,
,,,,,,,
,,,,,,,
,,,,,,,
,,,,,,,
,,,,,,,
,,,,,,,
,,,,,,,
,,,,,,,
,,,,,,,
,,,,,,,
,,,,,,,
,,,,,,,
,,,,,,,
,,,,,,,
,,,,,,,
,,,,,,,
,,,,,,,
,,,,,,,
,,,,,,,
,,,,,,,
,,,,,,,
,,,,,,,
,,,,,,,
,,,,,,,
,,,,,,,
,,,,,,,
,,,,,,,
,,,,,,,
,,,,,,,
,,,,,,,
,,,,,,,
,,,,,,,
,,,,,,,
,,,,,,,
,,,,,,,
,,,,,,,
,,,,,,,
,,,,,,,
,,,,,,,
,,,,,,,
,,,,,,,
,,,,,,,
,,,,,,,
,,,,,,,
,,,,,,,
,,,,,,,
,,,,,,,
,,,,,,,
,,,,,,,
,,,,,,,
,,,,,,,
,,,,,,,
,,,,,,,
,,,,,,,
,,,,,,,
,,,,,,,
,,,,,,,
,,,,,,,
,,,,,,,
,,,,,,,
,,,,,,,
,,,,,,,
,,,,,,,
,,,,,,,
,,,,,,,
,,,,,,,
,,,,,,,
,,,,,,,
,,,,,,,
,,,,,,,
,,,,,,,
,,,,,,,
,,,,,,,
,,,,,,,
,,,,,,,
,,,,,,,
,,,,,,,
,,,,,,,
,,,,,,,
,,,,,,,
,,,,,,,
,,,,,,,
,,,,,,,
,,,,,,,
,,,,,,,
,,,,,,,
,,,,,,,
,,,,,,,
,,,,,,,
,,,,,,,
,,,,,,,
,,,,,,,
,,,,,,,
,,,,,,,
,,,,,,,
,,,,,,,
,,,,,,,
,,,,,,,
,,,,,,,
,,,,,,,
,,,,,,,
,,,,,,,
,,,,,,,
,,,,,,,
,,,,,,,
,,,,,,,
,,,,,,,
,,,,,,,
,,,,,,,
,,,,,,,
,,,,,,,
,,,,,,,
,,,,,,,
,,,,,,,
,,,,,,,
,,,,,,,
,,,,,,,
,,,,,,,
,,,,,,,
,,,,,,,
,,,,,,,
,,,,,,,
,,,,,,,
,,,,,,,
,,,,,,,
,,,,,,,
,,,,,,,
,,,,,,,
,,,,,,,
,,,,,,,
,,,,,,,
,,,,,,,
,,,,,,,
,,,,,,,
,,,,,,,
,,,,,,,
,,,,,,,
,,,,,,,
,,,,,,,
,,,,,,,
,,,,,,,
,,,,,,,
,,,,,,,
,,,,,,,
,,,,,,,
,,,,,,,
,,,,,,,
,,,,,,,
,,,,,,,
,,,,,,,
,,,,,,,
,,,,,,,
,,,,,,,
,,,,,,,
,,,,,,,
,,,,,,,
,,,,,,,
,,,,,,,
,,,,,,,
,,,,,,,
,,,,,,,
,,,,,,,
,,,,,,,
,,,,,,,
,,,,,,,
,,,,,,,
,,,,,,,
,,,,,,,
,,,,,,,
,,,,,,,
,,,,,,,
,,,,,,,
,,,,,,,
,,,,,,,
,,,,,,,
,,,,,,,
,,,,,,,
,,,,,,,
,,,,,,,
,,,,,,,
,,,,,,,
,,,,,,,
,,,,,,,
,,,,,,,
,,,,,,,
,,,,,,,
,,,,,,,
,,,,,,,
,,,,,,,
,,,,,,,
,,,,,,,
,,,,,,,
,,,,,,,
,,,,,,,
,,,,,,,
,,,,,,,
,,,,,,,
,,,,,,,
,,,,,,,
,,,,,,,
,,,,,,,
,,,,,,,
,,,,,,,
,,,,,,,
,,,,,,,
,,,,,,,
,,,,,,,
,,,,,,,
,,,,,,,
,,,,,,,
,,,,,,,
,,,,,,,
,,,,,,,
,,,,,,,
,,,,,,,
,,,,,,,
,,,,,,,
,,,,,,,
,,,,,,,
,,,,,,,
,,,,,,,
,,,,,,,
,,,,,,,
,,,,,,,
,,,,,,,
,,,,,,,
,,,,,,,
,,,,,,,
,,,,,,,
,,,,,,,
,,,,,,,
,,,,,,,
,,,,,,,
,,,,,,,
,,,,,,,
,,,,,,,
,,,,,,,
,,,,,,,
,,,,,,,
,,,,,,,
,,,,,,,
,,,,,,,
,,,,,,,
,,,,,,,
,,,,,,,
,,,,,,,
,,,,,,,
,,,,,,,
,,,,,,,
,,,,,,,
,,,,,,,
,,,,,,,
,,,,,,,
,,,,,,,
,,,,,,,
,,,,,,,
,,,,,,,
,,,,,,,
,,,,,,,
,,,,,,,
,,,,,,,
,,,,,,,
,,,,,,,
,,,,,,,
,,,,,,,
,,,,,,,
,,,,,,,
,,,,,,,
,,,,,,,
,,,,,,,
,,,,,,,
,,,,,,,
,,,,,,,
,,,,,,,
,,,,,,,
,,,,,,,
,,,,,,,
,,,,,,,
,,,,,,,
,,,,,,,
,,,,,,,
,,,,,,,
,,,,,,,
,,,,,,,
,,,,,,,
,,,,,,,
,,,,,,,
,,,,,,,
,,,,,,,
,,,,,,,
,,,,,,,
,,,,,,,
,,,,,,,
,,,,,,,
,,,,,,,
,,,,,,,
,,,,,,,
,,,,,,,
,,,,,,,
,,,,,,,
,,,,,,,
,,,,,,,
,,,,,,,
,,,,,,,
,,,,,,,
,,,,,,,
,,,,,,,
,,,,,,,
,,,,,,,
,,,,,,,
,,,,,,,
,,,,,,,
,,,,,,,
,,,,,,,
,,,,,,,
,,,,,,,
,,,,,,,
,,,,,,,
,,,,,,,
,,,,,,,
,,,,,,,
,,,,,,,
,,,,,,,
,,,,,,,
,,,,,,,
,,,,,,,
,,,,,,,
,,,,,,,
,,,,,,,
,,,,,,,
,,,,,,,
,,,,,,,
,,,,,,,
,,,,,,,
,,,,,,,
,,,,,,,
,,,,,,,
,,,,,,,
,,,,,,,
,,,,,,,
,,,,,,,
,,,,,,,
,,,,,,,
,,,,,,,
,,,,,,,
,,,,,,,
,,,,,,,
,,,,,,,
,,,,,,,
,,,,,,,
,,,,,,,
,,,,,,,
,,,,,,,
,,,,,,,
,,,,,,,
,,,,,,,
,,,,,,,
,,,,,,,
,,,,,,,
,,,,,,,
,,,,,,,
,,,,,,,
,,,,,,,
,,,,,,,
,,,,,,,
,,,,,,,
,,,,,,,
,,,,,,,
,,,,,,,
,,,,,,,
,,,,,,,
,,,,,,,
,,,,,,,
,,,,,,,
,,,,,,,
,,,,,,,
,,,,,,,
,,,,,,,
,,,,,,,
,,,,,,,
,,,,,,,
,,,,,,,
,,,,,,,
,,,,,,,
,,,,,,,
,,,,,,,
,,,,,,,
,,,,,,,
,,,,,,,
,,,,,,,
,,,,,,,
,,,,,,,
,,,,,,,
,,,,,,,
,,,,,,,
,,,,,,,
,,,,,,,
,,,,,,,
,,,,,,,
,,,,,,,
,,,,,,,
,,,,,,,
,,,,,,,
,,,,,,,
,,,,,,,
,,,,,,,
,,,,,,,
,,,,,,,
,,,,,,,
,,,,,,,
,,,,,,,
,,,,,,,
,,,,,,,
,,,,,,,
,,,,,,,
,,,,,,,
,,,,,,,
,,,,,,,
,,,,,,,
,,,,,,,
,,,,,,,
,,,,,,,
,,,,,,,
,,,,,,,
,,,,,,,
,,,,,,,
,,,,,,,
,,,,,,,
,,,,,,,
,,,,,,,
,,,,,,,
,,,,,,,
,,,,,,,
,,,,,,,
,,,,,,,
,,,,,,,
